Date,Open,High,Low,Close,Volume,Dividends,Stock Splits,KC middle,KC low,KC high,BB high,BB low,BB middle,MOMSQZE,vol_avg
2020-08-21,106.44999694824219,111.75,106.44999694824219,111.75,807716,0,0,,,,,,,,
2020-08-24,117.30000305175781,117.30000305175781,117.30000305175781,117.30000305175781,56263,0,0,,,,,,,,
2020-08-25,123.1500015258789,123.1500015258789,123.1500015258789,123.1500015258789,45326,0,0,,,,,,,,
2020-08-26,129.3000030517578,129.3000030517578,117.0,124.0,3240477,0,0,,,,,,,,
2020-08-27,123.0,123.0,117.80000305175781,117.80000305175781,771809,0,0,,,,,,,,
2020-08-28,111.94999694824219,117.0,111.94999694824219,111.94999694824219,820058,0,0,,,,,,,,
2020-08-31,107.19999694824219,107.30000305175781,106.4000015258789,106.4000015258789,519749,0,0,,,,,,,,
2020-09-01,101.0999984741211,110.5,101.0999984741211,105.69999694824219,803353,0,0,,,,,,,,
2020-09-02,101.0999984741211,110.0,101.0999984741211,106.44999694824219,181669,0,0,,,,,,,,
2020-09-03,107.0,111.75,103.0999984741211,111.75,849547,0,0,,,,,,,,
2020-09-04,107.0,120.9000015258789,105.30000305175781,115.25,1513362,0,0,,,,,,,,
2020-09-07,115.6500015258789,118.69999694824219,112.6500015258789,113.3499984741211,740174,0,0,,,,,,,,
2020-09-08,114.5999984741211,116.25,107.44999694824219,110.0,845613,0,0,,,,,,,,
2020-09-09,106.0,114.94999694824219,105.5999984741211,111.44999694824219,798343,0,0,,,,,,,,
2020-09-10,113.25,115.94999694824219,111.0,111.69999694824219,731283,0,0,,,,,,,,
2020-09-11,120.44999694824219,133.9499969482422,120.30000305175781,131.5500030517578,11027186,0,0,,,,,,,,
2020-09-14,127.0,129.35000610351562,120.1500015258789,120.9000015258789,3503925,0,0,,,,,,,,
2020-09-15,122.0,125.4000015258789,117.30000305175781,118.75,1262738,0,0,,,,,,,,
2020-09-16,119.9000015258789,122.0,116.9000015258789,120.69999694824219,749709,0,0,,,,,,,,
2020-09-17,120.0,121.3499984741211,116.0999984741211,117.69999694824219,616594,0,0,115.81886644146206,98.67804232132701,132.9596905615971,128.3065402927212,102.45345879175149,115.37999954223633,,
2020-09-18,118.5999984741211,120.9000015258789,115.25,116.8499984741211,1105400,0,0,115.9170694921915,99.36032747889416,132.47381150548884,128.46590574594484,102.80409318593993,115.63499946594239,SQZE,
2020-09-21,117.94999694824219,119.30000305175781,107.8499984741211,110.9000015258789,1758904,0,0,115.43925349539983,98.24818476790489,132.63032222289476,128.28234875184344,102.34765002745343,115.31499938964843,SQZE,
2020-09-22,110.94999694824219,112.4000015258789,107.0,109.05000305175781,574753,0,0,114.8307534531482,98.27879129322697,131.38271561306942,127.32757132692774,101.89242760495702,114.60999946594238,SQZE,
2020-09-23,110.9000015258789,115.9000015258789,108.55000305175781,110.94999694824219,1230845,0,0,114.46115759553811,98.09439195678479,130.82792323429143,126.00234509579651,101.91265353091246,113.95749931335449,SQZE,
2020-09-24,110.0,112.94999694824219,108.0,108.75,388647,0,0,113.91723782453448,98.19714936000805,129.63732628906092,125.61821207866052,101.39178624287268,113.5049991607666,SQZE,
2020-09-25,110.0999984741211,112.0,109.25,109.9000015258789,473902,0,0,113.53464389132918,98.7365642732554,128.33272350940297,125.60100329771983,101.20399548157705,113.40249938964844,SQZE,
2020-09-28,111.55000305175781,119.5,111.3499984741211,116.55000305175781,5291935,0,0,113.82182095422715,98.58354960313652,129.06009230531777,125.739945910439,102.08005302144575,113.90999946594238,SQZE,
2020-09-29,117.0,117.5,111.75,113.44999694824219,1304995,0,0,113.78640914413334,98.92196492815178,128.65085336011492,125.51839515544899,103.07660377643577,114.29749946594238,SQZE,
2020-09-30,113.0,117.9000015258789,112.75,115.3499984741211,1287726,0,0,113.935322413656,99.5273223140968,128.34332251321518,125.37364677489954,104.11135230957312,114.74249954223633,SQZE,
2020-10-01,116.69999694824219,119.0999984741211,114.3499984741211,115.9000015258789,1655056,0,0,114.12243471005819,100.20523462045492,128.03963479966146,125.50111414839321,104.39888508866733,114.94999961853027,SQZE,
2020-10-05,116.05000305175781,117.6500015258789,113.5999984741211,114.0,319039,0,0,114.11077426148123,100.77529357048672,127.44625495247573,125.4455720103805,104.32942722668004,114.88749961853027,SQZE,
2020-10-06,114.1500015258789,117.30000305175781,114.0999984741211,115.55000305175781,440115,0,0,114.24784367007899,101.58591043783238,126.9097769023256,125.53502767115378,104.45997202367045,114.99749984741212,SQZE,
2020-10-07,115.75,115.75,111.94999694824219,114.30000305175781,407920,0,0,114.25281123023888,102.09707071086535,126.4085517496124,125.50603640809082,104.91896359190919,115.2125,SQZE,
2020-10-08,115.44999694824219,115.9000015258789,112.0999984741211,112.6500015258789,550754,0,0,114.1001626869665,102.39999560917877,125.80032976475422,125.4913301774574,105.05367028030628,115.27250022888184,SQZE,
2020-10-09,113.1500015258789,113.5999984741211,109.55000305175781,110.69999694824219,545283,0,0,113.77633737851657,102.43618792403495,125.11648683299819,125.52024206047584,104.92475839728785,115.22250022888184,TRNDd,
2020-10-12,111.25,112.80000305175781,107.5999984741211,108.55000305175781,415407,0,0,113.27859125215859,102.0324558275978,124.52472667671938,121.57852853016753,106.56647192759614,114.07250022888184,SQZE,
2020-10-13,109.5999984741211,113.4000015258789,108.80000305175781,112.6500015258789,547097,0,0,113.21872556394149,102.12720398701256,124.31024714087042,120.49678175088556,106.82321870687812,113.66000022888184,SQZE,
2020-10-14,113.5999984741211,113.5999984741211,109.5,109.94999694824219,305686,0,0,112.90741807673203,102.10504896267177,123.70978719079228,119.818362477449,106.62163767513889,113.22000007629394,SQZE,
2020-10-15,110.0,114.5,106.30000305175781,107.1500015258789,479087,0,0,112.35909269093649,100.99696109863382,123.72122428323917,118.69727637397415,106.38772423637741,112.54250030517578,SQZE,
2020-10-16,107.5,109.1500015258789,106.5999984741211,108.0999984741211,170235,0,0,111.95346467028742,101.21754562686345,122.68938371371138,118.02797428797193,106.09702647496754,112.06250038146973,SQZE,
2020-10-19,108.69999694824219,109.80000305175781,107.0,108.5999984741211,216811,0,0,111.6340869373192,101.41175918788606,121.85641468675233,117.37014113353247,105.92985962940698,111.65000038146972,SQZE,
2020-10-20,108.80000305175781,108.9000015258789,106.55000305175781,106.94999694824219,156582,0,0,111.18798312883567,101.51788845952163,120.85807779814971,117.52452548682095,105.38047481835483,111.45250015258789,SQZE,
2020-10-21,106.75,108.0999984741211,105.80000305175781,106.19999694824219,157747,0,0,110.712936825922,101.5498525390667,119.8760211127773,117.72495314654847,104.89504654827576,111.30999984741212,SQZE,
2020-10-22,106.55000305175781,107.0,104.4000015258789,105.6500015258789,265310,0,0,110.23075251163218,101.4639769586382,118.99752806462615,117.91900342934807,104.17099672323982,111.04500007629395,SQZE,
2020-10-23,106.44999694824219,106.5,104.80000305175781,105.30000305175781,244630,0,0,109.76115732497748,101.53105993763445,117.9912547123205,118.13063293645328,103.61436752131038,110.87250022888183,TRNDd,
2020-10-26,105.05000305175781,106.5999984741211,104.0,105.19999694824219,240894,0,0,109.32676109862173,101.3996737551888,117.25384844205466,118.29947741570186,102.97552258429815,110.6375,TRNDd,
2020-10-27,106.4000015258789,107.4000015258789,104.6500015258789,106.05000305175781,294750,0,0,109.01468890368231,101.33031029459266,116.69906751277196,117.5166127153321,102.7083872846679,110.1125,TRNDd,
2020-10-28,106.25,106.6500015258789,104.0,104.55000305175781,152173,0,0,108.58948072730854,101.14353967395208,116.035421780665,117.2825698039856,102.05243080636596,109.66750030517578,TRNDd,
2020-10-29,104.0999984741211,105.0999984741211,102.3499984741211,103.6500015258789,173696,0,0,108.11905413669619,100.86770718867538,115.370401084717,116.65906204000989,101.50593887551746,109.08250045776367,TRNDd,
2020-10-30,105.0,110.9000015258789,104.0999984741211,106.55000305175781,383823,0,0,107.96962070003539,99.99340844681666,115.94583295325413,115.58042264290668,101.64957842520855,108.61500053405761,SQZE,1028481.92
2020-11-02,106.5,110.0,106.25,107.1500015258789,171594,0,0,107.89156173106811,99.96297070317125,115.82015275896497,114.80530100012635,101.73970022057676,108.27250061035156,SQZE,1015759.48
2020-11-03,108.05000305175781,108.05000305175781,107.1500015258789,107.80000305175781,123402,0,0,107.88284185684807,100.56710962656513,115.19857408713102,113.50007838045256,102.26992284025057,107.88500061035157,SQZE,1017102.26
2020-11-04,107.80000305175781,114.25,107.5,113.19999694824219,755686,0,0,108.38923757983798,100.45507857258332,116.32339658709265,113.20925528888061,102.45074532147096,107.83000030517579,SQZE,1031309.46
2020-11-05,115.05000305175781,116.80000305175781,113.0,114.55000305175781,1087721,0,0,108.97597714859225,101.0752334317115,116.876720865473,113.6943581577762,102.15564260516327,107.92500038146973,SQZE,988254.34
2020-11-06,114.19999694824219,115.55000305175781,112.4000015258789,114.5,239902,0,0,109.50207456301203,101.76140491264357,117.24274421338049,114.45906009609745,101.77094097201778,108.11500053405761,SQZE,977616.2
2020-11-09,115.69999694824219,122.69999694824219,115.55000305175781,120.0,1570566,0,0,110.50187698558231,101.89527491060227,119.10847906056236,116.88194145140065,100.49305931153881,108.68750038146973,TRNDu,992626.36
2020-11-10,119.25,121.0,114.5,115.25,442920,0,0,110.95407917743162,101.90813730994958,120.00002104491367,117.3353792496472,100.29962136070436,108.81750030517578,TRNDu,991089.78
2020-11-11,115.3499984741211,123.0,115.0999984741211,121.19999694824219,1567207,0,0,111.92988086988977,102.20853288398015,121.65122885579939,119.46451177606363,99.29548883428794,109.38000030517578,TRNDu,1006366.86
2020-11-12,120.0,120.0,97.1500015258789,118.1500015258789,568369,0,0,112.52227331331731,98.96306104152599,126.08148558510864,120.64799344650416,99.2120071638474,109.93000030517578,SQZE,1014100.86
2020-11-13,117.9000015258789,124.80000305175781,116.9000015258789,122.19999694824219,987877,0,0,113.44396127854826,99.66066992876029,127.22725262833623,122.56513265026341,98.70486780750026,110.63500022888184,TRNDu,1016867.46
2020-11-17,122.25,124.5999984741211,120.80000305175781,121.69999694824219,650720,0,0,114.23025038994767,101.06528909066584,127.3952116892295,124.1068072449567,98.47319306021909,111.2900001525879,TRNDu,999614.62
2020-11-18,121.5,122.4000015258789,119.55000305175781,119.94999694824219,272337,0,0,114.7749881574043,102.35652329322643,127.19345302158216,125.123798064434,98.75620224074177,111.94000015258788,TRNDu,990257.88
2020-11-19,118.0999984741211,125.0,118.0999984741211,121.05000305175781,828513,0,0,115.3726086235332,102.81598994059733,127.92922730646906,126.15900607958754,99.20599483593979,112.68250045776367,TRNDu,989915.88
2020-11-20,121.55000305175781,124.94999694824219,120.5999984741211,123.9000015258789,526946,0,0,116.18474128089946,104.01378477143297,128.35569779036595,127.50761475459127,99.68238616093608,113.59500045776367,TRNDu,984487.94
2020-11-23,124.4000015258789,129.1999969482422,122.0999984741211,126.30000305175781,740615,0,0,117.14809954479072,104.77423899144667,129.5219600981348,129.05585950092424,100.2341414146031,114.64500045776367,TRNDu,984674.58
2020-11-24,127.69999694824219,129.0,125.0,125.6500015258789,464979,0,0,117.95780449537054,106.02132999736088,129.8942789933802,130.1544335204947,101.1805678527963,115.66750068664551,TRNDu,773430.44
2020-11-25,127.69999694824219,127.69999694824219,123.0,124.3499984741211,341364,0,0,118.56658487429915,106.88375843644202,130.24941131215627,130.83382411637035,102.33117679915698,116.58250045776367,TRNDu,710179.22
2020-11-26,124.55000305175781,126.19999694824219,123.75,124.0999984741211,183023,0,0,119.09357664571077,108.08903346199092,130.09811982943063,131.036815851732,104.08318460603165,117.56000022888183,TRNDu,688584.92
2020-11-27,125.0,127.9000015258789,124.25,127.05000305175781,292046,0,0,119.85133154152479,109.18724206582536,130.5154210172242,131.19849566549564,106.26150494485593,118.73000030517578,TRNDu,679431.66
2020-12-01,128.0,130.60000610351562,126.5,127.4000015258789,467660,0,0,120.57025249241565,110.15257074358304,130.98793424124827,131.45494302999816,108.09005742776553,119.77250022888184,TRNDu,676452.98
2020-12-02,128.89999389648438,130.89999389648438,126.0,127.94999694824219,564404,0,0,121.27308529773246,110.91717294448624,131.62899765097868,131.4737319889973,110.15126801100271,120.8125,TRNDu,665633.06
2020-12-03,129.35000610351562,130.25,127.5999984741211,128.14999389648438,311163,0,0,121.92802897380408,112.07770755070669,131.77835039690146,131.12641789663502,112.53358118783761,121.82999954223632,SQZE,636678.24
2020-12-04,128.5,141.0,128.5,139.39999389648438,1592136,0,0,123.59202563310696,112.15673513161619,135.02731613459773,134.3829770729099,111.89702170638698,123.13999938964844,TRNDu,657025.9
2020-12-07,142.89999389648438,151.89999389648438,142.0,148.6999969482422,2286735,0,0,125.98326099645317,113.19149954511147,138.77502244779487,140.03457957998216,109.66041858896315,124.84749908447266,TRNDu,678143.7
2020-12-08,150.0500030517578,150.6999969482422,138.5,142.14999389648438,958726,0,0,127.52294984407519,113.57036514821922,141.47553453993115,142.39982593470071,110.06017162389304,126.22999877929688,TRNDu,689545.28
2020-12-09,143.0,146.25,138.0,139.3000030517578,505517,0,0,128.64457395909258,114.43724773282221,142.85190018536295,144.05147645348097,110.33852141028856,127.19499893188477,TRNDu,690177.58
2020-12-10,139.8000030517578,143.64999389648438,138.85000610351562,140.9499969482422,458168,0,0,129.81651900567826,116.06992784344118,143.56311016791534,145.41633044214922,111.54366711644451,128.47999877929686,TRNDu,593502.24
2020-12-11,142.0,149.0,140.0,140.75,337233,0,0,130.8578029098994,116.68587086388602,145.02973495591277,146.85083687087962,112.06416099288992,129.45749893188477,TRNDu,574147.0
2020-12-14,141.9499969482422,142.25,137.1999969482422,138.89999389648438,338606,0,0,131.62372586100273,117.85898640923912,145.38846531276633,147.53855526667024,113.45144183415984,130.49499855041503,TRNDu,555164.6
2020-12-15,139.64999389648438,139.64999389648438,135.0,137.39999389648438,359971,0,0,132.1738466262867,118.85558234040258,145.4921109121708,148.10571969686296,114.4042770987913,131.25499839782714,TRNDu,529262.9
2020-12-16,138.39999389648438,140.60000610351562,138.0,138.85000610351562,422878,0,0,132.80967133840372,120.18323103970177,145.43611163710568,148.6739842366519,115.55101347452973,132.11249885559081,TRNDu,531339.68
2020-12-17,139.89999389648438,142.60000610351562,138.5500030517578,139.1999969482422,293567,0,0,133.41827377743596,121.24447689825264,145.59207065661928,148.91919048345608,117.23080722772555,133.07499885559082,TRNDu,528408.72
2020-12-18,139.8000030517578,142.0,135.5500030517578,140.25,312311,0,0,134.0689143700611,121.82249778914768,146.31533095097453,149.1587559405549,118.91124146545098,134.03499870300294,TRNDu,526496.54
2020-12-21,140.0,140.9499969482422,128.5,130.3000030517578,459685,0,0,133.7099704349846,120.19819612251408,147.22174474745512,148.86585119161208,119.84414636698165,134.35499877929686,TRND,524675.16
2020-12-22,135.0,138.39999389648438,131.10000610351562,136.1999969482422,843512,0,0,133.9471158171996,120.16652076703082,147.7277108673684,148.89595701581692,120.80403993242527,134.8499984741211,TRNDd,530639.74
2020-12-23,138.0,147.3000030517578,136.9499969482422,141.5500030517578,1123338,0,0,134.67120031572895,120.04866354987392,149.29373708158397,149.3128760143209,121.97712108650917,135.64499855041504,TRND,544798.36
2020-12-24,142.8000030517578,144.39999389648438,141.0,141.39999389648438,246100,0,0,135.31203779961044,121.47175593104404,149.15231966817683,149.34321511240478,123.65178153066165,136.49749832153321,TRND,538778.42
2020-12-28,142.85000610351562,146.0,142.10000610351562,143.6999969482422,394530,0,0,136.11089105186107,122.73463614944819,149.48714595427396,149.34368707188685,125.61130941859165,137.47749824523925,SQZE,540555.3
2020-12-29,144.8000030517578,144.85000610351562,140.10000610351562,140.9499969482422,221824,0,0,136.57175828008783,123.58312886791624,149.56038769225944,149.105908076562,127.23908780356493,138.17249794006347,SQZE,535410.04
2020-12-30,141.60000610351562,142.39999389648438,140.0500030517578,140.5,152396,0,0,136.94587653912708,124.78611189922734,149.10564117902683,148.61000648792862,129.04498923961046,138.82749786376954,SQZE,535053.26
2020-12-31,140.5,143.89999389648438,139.64999389648438,140.14999389648438,589483,0,0,137.2510305731611,125.45724239725133,149.04481874907088,147.85740683445758,131.0175885879057,139.43749771118163,SQZE,542506.7
2021-01-01,140.25,144.5,140.25,142.5,281970,0,0,137.75093242333625,126.26652184431433,149.23534300235818,146.88031425226472,133.4296817804501,140.1549980163574,SQZE,545014.46
2021-01-04,145.8000030517578,145.8000030517578,141.10000610351562,141.75,224090,0,0,138.13179600206615,126.85582709129798,149.40776491283432,147.0230133542883,133.52198328877807,140.2724983215332,SQZE,546341.32
2021-01-05,140.25,143.89999389648438,140.0,141.75,180430,0,0,138.47638685901222,127.548016060024,149.40475765800045,145.52129048338801,134.32870646485415,139.92499847412108,SQZE,544643.72
2021-01-06,142.0,144.89999389648438,141.1999969482422,143.64999389648438,331190,0,0,138.96911133877148,128.39357823003365,149.5446444475093,145.7516053371119,134.2483916111303,139.9999984741211,SQZE,546374.92
2021-01-07,144.5,158.10000610351562,143.5,156.1999969482422,2035880,0,0,140.610148063483,128.17216704491582,153.04812908205017,149.9342706900787,131.75572564781194,140.84499816894532,SQZE,582274.64
2021-01-08,157.8000030517578,158.4499969482422,153.0500030517578,154.3000030517578,841611,0,0,141.91394377665202,129.6397620806447,154.18812547265935,152.33090291582886,130.69409403241332,141.5124984741211,SQZE,593211.86
2021-01-11,155.0500030517578,161.89999389648438,155.0500030517578,159.85000610351562,808883,0,0,143.62214018873428,131.05537849338236,156.1889018840862,155.90350744109193,129.03149011750182,142.46749877929688,TRNDu,606346.06
2021-01-12,159.85000610351562,164.9499969482422,158.5,163.5,714561,0,0,145.51526969456913,132.91518477910395,158.1153546100343,159.8344916499695,127.56050651897586,143.69749908447267,TRNDu,617163.36
2021-01-13,164.5500030517578,167.4499969482422,155.0,159.64999389648438,613687,0,0,146.86143390427534,133.03135809070827,160.69150971784242,162.08473809511486,127.53526007383044,144.80999908447265,TRNDu,621760.64
2021-01-14,159.64999389648438,163.89999389648438,159.64999389648438,161.25,335533,0,0,148.2317735324396,134.93470530022924,161.52884176464997,164.37856060330026,127.4814369552935,145.92999877929688,TRNDu,625039.42
2021-01-15,162.25,165.5500030517578,157.9499969482422,159.9499969482422,903412,0,0,149.3477948101351,135.86043218044264,162.83515743982755,166.1063935534556,127.82860400513815,146.96749877929688,TRNDu,640639.62
2021-01-18,160.0,167.8000030517578,158.5,164.35000610351562,657057,0,0,150.7765768380761,136.77794986100133,164.77520381515086,168.4676843371319,127.8773138318134,148.17249908447266,TRNDu,638667.04
2021-01-19,166.35000610351562,170.0,164.8000030517578,165.6999969482422,547763,0,0,152.1978549438062,138.469091885142,165.92661800247038,169.86535906957783,130.0196384890159,149.94249877929687,TRNDu,627867.88
2021-01-20,166.14999389648438,167.5,161.89999389648438,162.5,292987,0,0,153.17901161582466,139.7031236423238,166.65489958932554,170.8475565276937,131.6674413360758,151.25749893188475,TRNDu,628929.58
2021-01-21,163.9499969482422,165.25,162.5,163.5500030517578,473530,0,0,154.16672508591355,141.48842590976275,166.84502426206436,172.11362185269076,132.6013760110788,152.35749893188478,TRNDu,606988.86
2021-01-22,163.39999389648438,165.0,160.0,162.64999389648438,666830,0,0,154.97465544882508,142.56418619028938,167.38512470736077,172.98942598177797,133.85057188199158,153.41999893188478,TRNDu,611467.06
2021-01-25,163.10000610351562,165.0,158.6999969482422,162.25,494923,0,0,155.66754540607985,143.23812246304615,168.09696834911355,173.74387877216358,134.9511193967817,154.34749908447264,TRNDu,590021.38
2021-01-27,161.5500030517578,165.0,160.14999389648438,164.64999389648438,261770,0,0,156.52301669088027,144.3665348214468,168.67949856031373,174.39866742492669,136.66633043884283,155.53249893188476,TRNDu,583889.4
2021-01-28,163.64999389648438,164.89999389648438,161.3000030517578,162.1999969482422,263150,0,0,157.06368147729572,145.40284962586028,168.72451332873115,174.36346497064622,138.87153258794754,156.61749877929688,TRNDu,569394.86
2021-01-29,163.5,164.14999389648438,161.5,162.1999969482422,164567,0,0,157.55285437929064,146.52810693370188,168.5776018248794,173.90809342959673,141.5319044341728,157.71999893188476,TRND,559671.8
2021-02-01,163.4499969482422,171.6999969482422,163.0,167.25,798453,0,0,158.4763920574534,146.65411935642354,170.29866475848328,174.04932748382615,143.8656703799434,158.95749893188477,TRND,570194.12
2021-02-02,169.89999389648438,179.10000610351562,168.60000610351562,169.60000610351562,820560,0,0,159.5357838713641,146.52573721973408,172.5458305229941,173.89400339104006,146.80599508308106,160.34999923706056,TRND,570035.06
2021-02-03,174.4499969482422,174.5,170.0,170.6999969482422,315409,0,0,160.5990422596382,147.9100014938743,173.2880830254021,173.07985351475642,150.5151446541889,161.79749908447266,SQZE,565804.32
2021-02-04,171.8000030517578,180.89999389648438,171.1999969482422,175.5,1124327,0,0,162.01818109205362,148.55804501321768,175.47831717088957,172.81510469203081,153.96489408726606,163.38999938964844,SQZE,573478.56
2021-02-05,176.8000030517578,182.0,173.0500030517578,179.1999969482422,625277,0,0,163.65454450692874,149.75042264632796,177.55866636752953,175.6393051111816,153.44069366811527,164.53999938964844,SQZE,576684.52
2021-02-08,183.5,188.0,179.0,181.4499969482422,1486975,0,0,165.34934950133953,151.0356398267988,179.66305917588025,178.22800857518686,153.56698959375845,165.89749908447266,SQZE,599596.74
2021-02-09,182.5500030517578,190.5,180.10000610351562,185.8000030517578,893606,0,0,167.29703079185555,152.33469330547203,182.25936827823907,181.93321250908164,152.45678535468787,167.19499893188475,SQZE,613808.4
2021-02-10,185.0,188.5,177.5,179.9499969482422,512282,0,0,168.5020751877019,152.83597144995673,184.16817892544708,183.64811958940004,152.38687796919373,168.0174987792969,TRNDu,618213.12
2021-02-11,180.89999389648438,202.0,179.9499969482422,197.8000030517578,2083333,0,0,171.2923540318977,152.7828600575755,189.8018480062199,189.75322556920653,150.09677290491456,169.92499923706055,TRNDu,650526.58
2021-02-12,194.8000030517578,208.0,194.35000610351562,198.14999389648438,1410742,0,0,173.85022449519167,154.4616811390048,193.23876785137853,194.65714393373028,148.88285393003926,171.76999893188477,TRNDu,667453.34
2021-02-15,199.75,204.0,194.5,195.1999969482422,1011280,0,0,175.88353615738697,156.5338471368188,195.23322517795515,197.8891459377052,149.17585192606433,173.53249893188476,TRNDu,681455.68
2021-02-16,195.9499969482422,197.60000610351562,190.4499969482422,191.5,343425,0,0,177.37081842811202,158.52609647854598,196.21554037767805,200.06096634148474,149.7190309119332,174.88999862670897,TRNDu,656481.46
2021-02-17,192.4499969482422,211.8000030517578,189.5,201.1999969482422,799276,0,0,179.64026400145775,158.22001363649676,201.06051436641874,203.9143489283961,149.41564832502186,176.66499862670898,TRNDu,626732.28
2021-02-18,202.60000610351562,210.39999389648438,201.35000610351562,203.0500030517578,1057402,0,0,181.8697629586292,160.75153824051586,202.98798767674253,207.41859003571594,149.9664075228778,178.69249877929687,TRNDu,628705.8
2021-02-19,204.39999389648438,213.39999389648438,203.1999969482422,206.75,887131,0,0,184.23930934352165,163.16290892827433,205.31570975876897,211.15285441813623,150.55214283528173,180.85249862670898,TRNDu,636338.08
2021-02-22,208.39999389648438,210.85000610351562,187.0500030517578,189.39999389648438,1482067,0,0,184.73080311047048,161.00204212639633,208.45956409454462,211.50384578933293,152.87615146408504,182.18999862670898,TRNDu,656816.06
2021-02-23,188.5,192.75,181.6999969482422,183.9499969482422,1457603,0,0,184.6564406188297,161.0905551228114,208.222326114848,211.12623806179238,155.42375888644983,183.2749984741211,TRNDu,679223.46
2021-02-24,184.85000610351562,188.6999969482422,180.10000610351562,183.8000030517578,483434,0,0,184.57487513625142,161.64558002088964,207.5041702516132,210.7410123741981,157.72398548957145,184.23249893188478,TRNDd,682120.02
2021-02-25,185.5,189.89999389648438,182.10000610351562,183.0,954481,0,0,184.42488702803698,162.22852386561763,206.62125019045632,209.79988104104012,160.7451171279052,185.27249908447266,TRNDd,694010.22
2021-02-26,181.8000030517578,183.39999389648438,178.0,181.3000030517578,627903,0,0,184.1272790302961,163.07055340482182,205.1840046557704,208.4678329593709,163.987165819926,186.22749938964844,TRNDd,698110.72
2021-03-01,182.9499969482422,186.9499969482422,180.60000610351562,184.75,443431,0,0,184.18658578931553,163.96553455744336,204.4076370211877,207.59585054471785,166.60914823457904,187.10249938964844,TRNDd,701108.0
2021-03-02,185.60000610351562,193.5500030517578,185.10000610351562,188.9499969482422,1020719,0,0,184.6402439949276,164.6812972758911,204.5991907139641,206.92864191879266,169.21135594497684,188.06999893188475,TRND,715276.16
2021-03-03,191.1999969482422,192.14999389648438,189.0,189.75,829903,0,0,185.1268874239821,166.5238359872008,203.7299388607634,206.11754152607998,171.92745664286534,189.02249908447266,TRND,722680.52
2021-03-04,187.10000610351562,197.89999389648438,186.14999389648438,195.39999389648438,1076384,0,0,186.10527851660137,167.0125322234982,205.19802480970455,206.13715355931896,173.8978439992748,190.0174987792969,TRND,727337.96
2021-03-05,197.39999389648438,200.6999969482422,191.3000030517578,198.85000610351562,2186921,0,0,187.3190620963075,168.25559165321778,206.38253253939723,206.753760996798,175.24623747732306,190.99999923706054,TRND,748609.62
2021-03-08,201.0,205.60000610351562,196.8000030517578,198.60000610351562,1030653,0,0,188.3934377160416,169.47631370690928,207.31056172517393,207.30260550776873,176.4123938818797,191.8574996948242,SQZE,764300.68
2021-03-09,198.60000610351562,200.35000610351562,196.0,199.0500030517578,2239190,0,0,189.40834870039555,171.51293587147333,207.30376152931777,208.00558771610386,177.03441167354455,192.5199996948242,TRND,801193.88
2021-03-10,203.0,204.0,198.5,201.5500030517578,810077,0,0,190.56469673385863,173.35882518782864,207.7705682798886,208.427172085179,178.772827914821,193.6,TRND,812958.94
2021-03-12,205.0,209.4499969482422,202.5,206.25,4453797,0,0,192.0585351401578,174.99325196943394,209.12381831088166,209.7580488506183,178.28695084420593,194.02249984741212,TRND,898986.96
2021-03-15,207.0,207.0,195.25,202.39999389648438,828253,0,0,193.04343597409365,175.33468112044218,210.75219082774512,210.29912501237908,178.17087468244512,194.2349998474121,SQZE,903762.36
2021-03-16,204.0,214.39999389648438,203.5,206.39999389648438,1690949,0,0,194.31548910955942,175.97760974127308,212.65336847784576,211.7128272788017,177.87717211084671,194.7949996948242,SQZE,931941.94
2021-03-17,206.39999389648438,209.0,198.60000610351562,201.64999389648438,737564,0,0,195.01401337498086,176.4299231642263,213.59810358573543,212.40248333418427,178.2025154451126,195.30249938964843,SQZE,942211.42
2021-03-18,202.89999389648438,204.39999389648438,196.5,197.8000030517578,757998,0,0,195.2793457251501,176.9736657561741,213.5850256941261,212.06132897319276,178.20367041645568,195.13249969482422,SQZE,953762.78
2021-03-19,194.0,200.85000610351562,181.25,199.4499969482422,629023,0,0,195.67655060353982,175.28143741075831,216.07166379632133,211.61522560482518,178.2897731744717,194.95249938964844,SQZE,959719.44
2021-03-22,198.1999969482422,204.8000030517578,198.1999969482422,204.0500030517578,470351,0,0,196.47402226527487,176.7984191710684,216.14962535948135,211.13590190070582,178.49909718376685,194.81749954223633,SQZE,928408.86
2021-03-23,203.75,206.14999389648438,200.0,204.75,2014558,0,0,197.26221062096297,178.32416905688027,216.20025218504568,212.25218521997778,178.91781447484647,195.58499984741212,SQZE,951867.8
2021-03-24,203.0,205.35000610351562,200.14999389648438,203.0,461781,0,0,197.80866675229984,179.72442690321915,215.89290660138053,212.60261217018368,180.4723878298163,196.5375,SQZE,944925.76
2021-03-25,204.75,204.8000030517578,197.5,198.75,535923,0,0,197.8983175377951,180.1625010632709,215.6341340123193,212.26442141507496,182.30557827974926,197.2849998474121,SQZE,941353.0
2021-03-26,201.39999389648438,202.75,197.5500030517578,198.6999969482422,2424207,0,0,197.97466795783765,180.97243374111744,214.97690217455786,211.54242971657504,184.5975696730734,198.06999969482422,SQZE,977563.4
2021-03-30,200.6999969482422,208.4499969482422,198.75,205.10000610351562,361972,0,0,198.65327159075935,181.40126079571115,215.90528238580754,210.6389105939595,187.8810891008647,199.2599998474121,SQZE,978092.18
2021-03-31,205.5,207.85000610351562,200.10000610351562,205.75,649630,0,0,199.32915048687752,182.25234077133416,216.40596020242089,209.86958200667144,190.7504176881528,200.30999984741212,SQZE,973016.54
2021-04-01,204.25,221.0,204.25,218.1999969482422,930335,0,0,201.12637395938845,182.40724521539943,219.84550270337746,212.77388394848504,190.7711157463392,201.77249984741212,SQZE,978482.1
2021-04-05,222.39999389648438,234.5,213.0,228.64999389648438,2654132,0,0,203.74767109625472,182.6004552266646,224.89488696584485,218.59937421054516,188.83562487392751,203.71749954223634,SQZE,1020609.48
2021-04-06,230.5,239.0,227.0,230.5500030517578,1283485,0,0,206.30027413963597,184.86777985700485,227.7327684222671,223.89443080258903,187.05556919741096,205.475,SQZE,1040419.44
2021-04-07,232.89999389648438,235.6999969482422,221.5,224.8000030517578,1035998,0,0,208.06215308364756,185.93290883963112,230.191397327664,226.7338236371718,186.81117605765243,206.77249984741212,SQZE,1051668.8
2021-04-08,223.85000610351562,230.0,220.35000610351562,222.3000030517578,728501,0,0,209.41813879489615,187.5718201959845,231.26445739380782,228.638415758663,187.2765836309854,207.9574996948242,TRNDu,1052902.22
2021-04-09,226.89999389648438,226.89999389648438,218.0,218.89999389648438,723147,0,0,210.32117261409505,188.87948709577768,231.76285813241242,229.73073561611153,188.16926285800957,208.94999923706055,TRNDu,1057466.7
2021-04-12,216.6999969482422,227.0,212.0,220.85000610351562,1623189,0,0,211.3239186607065,189.02640169422088,233.62143562719214,231.0214947703001,188.80850400899678,209.91499938964844,TRNDu,1084695.08
2021-04-13,220.0,225.35000610351562,218.0,220.0,507976,0,0,212.1502121215916,190.6124456310514,233.68797861213181,232.0791966592568,189.12580212004008,210.60249938964844,TRNDu,1089591.6
2021-04-15,221.0,221.35000610351562,215.75,219.9499969482422,999740,0,0,212.8930487717488,192.3890577095595,233.3970398339381,232.97854419967166,189.981454884801,211.47999954223633,TRNDu,1106295.06
2021-04-16,221.10000610351562,226.0,220.1999969482422,222.0500030517578,651799,0,0,213.76513965555918,194.10154708923724,233.42873222188112,234.10104156962467,190.4239584303753,212.2625,TRNDu,1103361.98
2021-04-19,221.0,237.5,217.0500030517578,233.60000610351562,2481547,0,0,215.65417455536456,193.8669418560264,237.44140725470274,236.99539862447725,190.72460259622588,213.86000061035156,TRNDu,1136581.72
2021-04-20,237.0,241.9499969482422,232.5,235.64999389648438,4582953,0,0,217.5585383021379,196.0600294830851,239.0570471211907,239.50742554434794,191.99757476082783,215.75250015258788,TRNDu,1221932.6
2021-04-22,236.85000610351562,237.89999389648438,225.0,225.75,1227400,0,0,218.3386775114581,196.41002079501368,240.2673342279025,239.96324788539513,194.1717527249564,217.06750030517577,TRNDu,1223994.06
2021-04-23,228.0,231.0,222.5,224.4499969482422,1482866,0,0,218.92070793400896,197.484916889209,240.35649897880893,240.38240668596268,195.79259331403733,218.0875,TRNDu,1241145.84
2021-04-26,227.89999389648438,229.9499969482422,224.0,224.75,353972,0,0,219.4758786069605,198.99366727699208,239.9580899369289,240.6829361876713,197.49206381232872,219.0875,TRNDu,1218485.78
2021-04-27,226.39999389648438,229.5,224.85000610351562,227.4499969482422,1734708,0,0,220.2353184489873,200.85132825201575,239.61930864595885,240.86747003272342,199.7525296621008,220.30999984741212,TRND,1235307.82
2021-04-28,228.6999969482422,230.64999389648438,225.0500030517578,226.10000610351562,460278,0,0,220.79386013037094,202.22827078415122,239.35944947659067,239.81220356583404,203.54279673934175,221.6775001525879,TRND,1234267.74
2021-04-29,228.10000610351562,229.35000610351562,223.5,224.5,299181,0,0,221.14682583224038,203.26779419993952,239.02585746454125,237.73947501028132,208.19552560007023,222.96750030517578,SQZE,1198584.7
2021-04-30,222.5,235.0,222.1999969482422,226.9499969482422,724867,0,0,221.69950879566912,203.04837971624676,240.35063787509148,236.41959538214815,211.70040431267608,224.05999984741212,SQZE,1184867.2
2021-05-03,227.6999969482422,233.25,227.5,230.8000030517578,768189,0,0,222.56622253434423,204.52020575251257,240.6122393161759,234.72094753451955,215.90405246548045,225.3125,SQZE,1180005.38
2021-05-04,233.0,233.0,226.10000610351562,227.9499969482422,523854,0,0,223.07896295471548,205.4575490717701,240.70037683766085,234.67930166780877,216.92069833219125,225.8,SQZE,1183613.96
2021-05-05,227.9499969482422,239.5,224.5500030517578,229.8000030517578,6709528,0,0,223.71906201157665,204.86979012727738,242.56833389587592,234.824344090737,216.89065682479037,225.85750045776368,SQZE,1301819.0
2021-05-06,230.0,231.6999969482422,226.35000610351562,228.64999389648438,7982132,0,0,224.18867457204405,206.15433170722937,242.22301743685873,234.56726417585526,216.95773582414472,225.7625,SQZE,1440313.6
2021-05-07,230.3000030517578,232.9499969482422,226.0,227.35000610351562,5189474,0,0,224.48975376551752,206.86884579753587,242.11066173349917,234.70916122875886,217.07083907641695,225.8900001525879,SQZE,1526360.46
2021-05-10,228.9499969482422,241.3000030517578,228.0500030517578,231.5,10389515,0,0,225.15739626403965,206.50857970320774,243.80621282487155,235.33042351282896,217.36957648717103,226.35,SQZE,1704509.42
2021-05-11,231.0,236.8000030517578,229.60000610351562,234.14999389648438,1972452,0,0,226.01383413379628,207.7898998393991,244.23776842819345,236.02259788040095,218.20240211959907,227.1125,SQZE,1714806.4
2021-05-12,236.0,237.39999389648438,221.25,223.5,3811740,0,0,225.77442135914902,206.1428817148947,245.40596100340332,235.85231546985597,218.6376839197925,227.24499969482423,SQZE,1781372.52
2021-05-14,224.75,226.0,215.5,220.10000610351562,2181316,0,0,225.23400085861252,205.46561517878362,245.0023865384414,235.8405743351228,218.6594256648772,227.25,SQZE,1805909.22
2021-05-17,222.0,222.5500030517578,214.5,218.75,1019402,0,0,224.6164769673161,205.21492924511853,244.01802468951365,235.99769897630898,218.3823013288668,227.19000015258788,SQZE,1813739.2
2021-05-18,219.5,225.10000610351562,215.35000610351562,222.64999389648438,3948392,0,0,224.42919286533214,205.01779991535435,243.84058581530994,235.96130257260074,218.4786968170477,227.21999969482422,SQZE,1883838.42
2021-05-19,222.6999969482422,229.39999389648438,222.0,225.9499969482422,2664671,0,0,224.57403134941882,205.6237789151419,243.52428378369572,235.08412488883732,218.59087358528376,226.83749923706054,SQZE,1916717.46
2021-05-20,227.0,228.6999969482422,223.0,225.10000610351562,4868651,0,0,224.62412418314233,206.42889760264467,242.81935076364,233.51871514693488,219.10128454788935,226.30999984741212,SQZE,1997492.42
2021-05-21,227.0,234.0,224.8000030517578,227.25,24274755,0,0,224.87420759427164,206.65850428217533,243.08991090636795,233.60005884655592,219.16994084826828,226.3849998474121,SQZE,2461459.84
2021-05-24,228.0,235.85000610351562,227.1999969482422,234.5500030517578,7236863,0,0,225.79571192355604,207.67157711161468,243.9198467354974,234.86631404746763,218.91368625770818,226.8900001525879,SQZE,2562458.68
2021-05-25,235.0,237.89999389648438,232.0,233.39999389648438,3362296,0,0,226.51992925431114,209.02820914426704,244.01164936435524,235.71496331078555,218.93003638403866,227.3224998474121,SQZE,2609091.54
2021-05-26,234.85000610351562,235.6999969482422,230.3000030517578,231.3000030517578,1352631,0,0,226.9751743778775,210.15262749954093,243.79772125621406,236.08506857472196,218.94493173045385,227.5150001525879,SQZE,2591360.36
2021-05-27,232.0,237.89999389648438,226.75,231.60000610351562,7400820,0,0,227.41563454222398,210.0453435724242,244.78592551202377,236.51241873071746,219.0675815744583,227.79000015258788,SQZE,2723175.22
2021-05-28,230.9499969482422,233.5,222.35000610351562,224.5500030517578,1958601,0,0,227.14271725741767,209.279456605301,245.00597790953435,236.5111731910524,219.0738274192992,227.7925003051758,SQZE,2673271.3
2021-05-31,225.0500030517578,226.89999389648438,218.25,222.39999389648438,1876015,0,0,226.69102931828115,208.88409595207926,244.49796268448304,236.59174343604712,218.53825686912865,227.56500015258788,SQZE,2694226.54
2021-06-01,224.0,232.1999969482422,222.64999389648438,230.35000610351562,3646771,0,0,227.0395032978273,209.05326265789404,245.02574393776058,236.539070329955,218.5459302803966,227.5425003051758,SQZE,2733342.98
2021-06-02,231.60000610351562,236.85000610351562,228.10000610351562,229.5,2837773,0,0,227.27383631708184,209.33621974114192,245.21145289302177,236.6558954009542,218.58410551457314,227.62000045776367,SQZE,2775347.16
2021-06-03,230.35000610351562,248.39999389648438,229.5,244.89999389648438,9148113,0,0,228.95251799131063,209.02866429366782,248.87637168895344,240.12814649682159,216.62185350317841,228.375,SQZE,2943149.46
2021-06-04,246.8000030517578,254.0,243.0,245.85000610351562,4966973,0,0,230.56180257342538,210.43033424554685,250.69327090130392,243.243501304983,215.22649991572013,229.23500061035156,SQZE,3029908.46
2021-06-07,248.10000610351562,249.0,240.0,244.14999389648438,1317402,0,0,231.85591603276433,211.93759453767365,251.774237527855,245.47618371749286,214.67381628250712,230.075,SQZE,3046849.48
2021-06-08,243.0,249.5,235.0500030517578,245.10000610351562,2770478,0,0,233.11725794426445,212.3007692090344,253.9337466794945,247.4909166207513,214.01908398960023,230.75500030517577,SQZE,3061967.88
2021-06-09,246.0,252.0,239.0500030517578,246.64999389648438,1903053,0,0,234.40608993971398,213.0812506883585,255.73092919106946,249.456320806829,213.30367980352253,231.38000030517577,SQZE,3090793.32
2021-06-10,250.5500030517578,258.0,250.3000030517578,256.29998779296875,3127988,0,0,236.4912230685954,215.02886652167234,257.95357961551844,253.70277622996903,212.33722315967938,233.0199996948242,TRNDu,3142634.62
2021-06-11,258.3500061035156,259.1499938964844,251.4499969482422,255.35000610351562,1205128,0,0,238.2872976433497,217.4311773614705,259.1434179252289,256.7299872632291,212.83501212641937,234.78249969482422,TRNDu,3118253.04
2021-06-14,253.0,258.0,245.0500030517578,254.25,1445279,0,0,239.80755501064974,218.44704736731003,261.16806265398947,258.7718692537107,214.34313013593777,236.55749969482423,TRNDu,3139919.18
2021-06-15,253.1999969482422,255.8000030517578,248.5,251.60000610351562,872121,0,0,240.9306455909227,220.2461881015654,261.61510308028,260.1786071190399,215.83139349131164,238.00500030517577,TRNDu,3144369.0
2021-06-16,250.1999969482422,254.9499969482422,248.10000610351562,253.39999389648438,889688,0,0,242.11820257240475,222.13219266303787,262.10421248177164,261.79335079804423,216.9616495071315,239.37750015258788,TRNDu,3143556.06
2021-06-17,252.0,254.6999969482422,245.5,249.14999389648438,731346,0,0,242.78789698422187,222.96048867614326,262.6153052923005,262.37489115842993,218.7851079260427,240.57999954223632,TRNDu,3105100.34
2021-06-18,250.0,251.9499969482422,240.1999969482422,250.4499969482422,1079810,0,0,243.51762079031906,223.3229533130483,263.7122882675898,263.0374286753005,220.44257010399636,241.73999938964843,TRNDu,3101026.84
2021-06-21,247.25,248.3000030517578,236.0,246.39999389648438,1021664,0,0,243.79213251471577,222.72693239552365,264.8573326339079,263.4554762703217,221.20952159344782,242.33249893188477,TRNDu,3100740.16
2021-06-22,247.0,251.6999969482422,247.0,249.60000610351562,558899,0,0,244.3452633326967,224.32658261507223,264.3639440503212,264.0747992377187,222.21019984675394,243.14249954223632,TRNDu,3097348.12
2021-06-23,249.60000610351562,264.6000061035156,248.0,260.25,2304649,0,0,245.86000015815415,224.52318629158898,267.1968140247193,266.0437756788134,223.13622310048348,244.58999938964843,TRNDu,3128978.16
2021-06-24,262.5,265.0,255.1999969482422,256.8999938964844,1212601,0,0,246.91142813323322,225.748295042973,268.07456122349345,267.0781660989785,224.6318314596152,245.85499877929686,TRNDu,3120766.4
2021-06-25,259.20001220703125,261.04998779296875,254.0,256.3500061035156,898056,0,0,247.81034032087916,227.35352298105124,268.2671576607071,266.7208619811823,228.1691358825872,247.44499893188475,SQZE,3128568.0
2021-06-28,259.1000061035156,263.0,252.1999969482422,255.4499969482422,1078859,0,0,248.53792666634232,227.96679045014562,269.10906288253904,264.8455596787742,233.3494384901711,249.09749908447264,SQZE,3130150.38
2021-06-29,256.79998779296875,257.5,252.75,253.60000610351562,493687,0,0,249.02002946988262,229.55600687530557,268.48405206445966,263.53993141708986,236.98006675185545,250.25999908447267,SQZE,3126988.14
2021-06-30,255.39999389648438,259.5,250.60000610351562,254.5,834956,0,0,249.5419314251319,230.2443123107157,268.8395505395481,260.86449596640944,242.15550220253587,251.50999908447267,SQZE,3094056.32
2021-07-01,254.9499969482422,268.79998779296875,252.35000610351562,263.79998779296875,2851729,0,0,250.89984155540208,230.24198801453687,271.5576950962673,262.7216849532889,242.18831260530484,252.4549987792969,SQZE,3059431.84
2021-07-02,264.0,284.3999938964844,264.0,279.8999938964844,3992432,0,0,253.66176082598133,230.94969141849953,276.37383023346314,269.511038283697,238.80395805419363,254.15749816894532,SQZE,3114732.48
2021-07-05,278.20001220703125,284.1499938964844,277.20001220703125,282.54998779296875,1157118,0,0,256.413020537123,234.58216173249872,278.24387934174723,275.1085846377869,237.04641108975213,256.0774978637695,SQZE,3108217.52
2021-07-06,284.0,284.95001220703125,280.0,282.8999938964844,1087384,0,0,258.93558942849074,238.29781406292267,279.5733647940588,279.5934554205005,236.3415390863354,257.96749725341795,TRNDu,3122885.76
2021-07-07,282.3999938964844,285.0,280.5,284.0,433951,0,0,261.32267614958687,241.8486783205756,280.79667397859816,283.5763728449666,236.09362227222084,259.8349975585937,TRNDu,3096870.62
2021-07-08,285.0,289.70001220703125,284.0,285.04998779296875,1547750,0,0,263.5824201156232,244.91581962810682,282.2490206031396,287.3502114764913,235.19478364069613,261.2724975585937,TRNDu,3118620.06
2021-07-09,283.79998779296875,286.3500061035156,280.0,280.8999938964844,493582,0,0,265.2317128566576,247.16177119718975,283.3016545161255,289.818141107924,235.28185278856043,262.5499969482422,TRNDu,3122508.08
2021-07-12,282.45001220703125,282.79998779296875,273.79998779296875,275.3500061035156,747558,0,0,266.19535983254883,248.13241233902772,284.25830732606994,291.13842494312553,236.07156956371043,263.604997253418,TRNDu,3122961.9
2021-07-13,277.75,278.20001220703125,267.1499938964844,270.20001220703125,994802,0,0,266.5767552967852,248.11009889050686,285.0434117030636,291.6367487938862,237.43324632330132,264.5349975585938,TRNDu,3127494.16
2021-07-14,269.3500061035156,278.79998779296875,267.1000061035156,268.45001220703125,1471836,0,0,266.75516071680863,247.79517361326748,285.7151478203498,291.94284870886116,238.63214823938105,265.2874984741211,TRNDu,3146453.8
2021-07-15,269.0,273.3500061035156,264.95001220703125,266.29998779296875,644829,0,0,266.71181091453815,247.96782374205424,285.45579808702206,291.7513975518275,240.53859878606315,266.14499816894534,TRNDu,3025159.82
2021-07-16,267.0,271.0,266.75,268.79998779296875,392619,0,0,266.9106849029601,249.10109400631833,284.7202757996019,291.64834016233254,242.47665526003078,267.06249771118166,TRNDd,2873369.56
2021-07-19,267.20001220703125,271.8500061035156,266.25,267.0,324186,0,0,266.9191911026782,249.7705580749975,284.06782413035893,290.7824300332778,245.402565999437,268.0924980163574,TRND,2776063.8
2021-07-20,269.20001220703125,271.1499938964844,256.95001220703125,259.45001220703125,576625,0,0,266.2078407316642,247.93407466886092,284.48160679446744,290.0420915425092,247.1279051005572,268.5849983215332,TRND,2579806.0
2021-07-22,263.5,280.0,263.0,279.5,2177257,0,0,267.4737606619819,246.9173736468652,288.03014767709857,291.14921671192633,247.94577993114012,269.5474983215332,TRNDd,2583902.1
2021-07-23,280.5,280.5,273.54998779296875,278.6000061035156,971963,0,0,268.5334030849851,248.6426523299738,288.42415383999634,291.7588577736785,249.50614009009095,270.63249893188475,TRND,2527106.56
2021-07-26,279.95001220703125,280.0,273.5,275.8500061035156,827280,0,0,269.23022242008324,250.0285467405731,288.43189809959335,291.7858807761001,251.42911708766945,271.6074989318848,TRND,2500025.84
2021-07-27,277.75,284.1000061035156,275.0,276.1499938964844,958223,0,0,269.88924827497857,250.78773894271632,288.9907576072408,291.47853002647804,253.8064675321157,272.6424987792969,TRND,2498802.26
2021-07-28,278.3500061035156,278.3500061035156,273.3500061035156,274.5,1151246,0,0,270.3283674868854,252.13700908784935,288.5197258859214,290.3786557854521,256.99634116279003,273.68749847412107,TRND,2442859.34
2021-07-29,274.6499938964844,279.54998779296875,274.6499938964844,276.20001220703125,670097,0,0,270.8875717459469,253.50535162822072,288.26979186367305,288.9681446353618,260.5768535335835,274.77249908447266,TRND,2402967.86
2021-07-30,278.0,301.20001220703125,276.25,296.45001220703125,3146399,0,0,273.3220898850978,252.67809177914424,293.9660879910514,292.55305981371714,260.25694079663447,276.4050003051758,SQZE,2368522.82
2021-08-02,302.0,305.8999938964844,293.3500061035156,294.45001220703125,1291064,0,0,275.3342729633772,254.24467710942525,296.42386881732915,295.05802186669786,259.20698057470844,277.13250122070315,SQZE,1908849.0
2021-08-03,296.0,296.54998779296875,284.3500061035156,285.8500061035156,843604,0,0,276.3357713576761,254.9151387512287,297.7564039641235,295.4783859251369,259.1166183473241,277.2975021362305,SQZE,1780983.82
2021-08-04,288.3500061035156,291.3999938964844,275.25,280.75,1228216,0,0,276.7561740855165,254.24760596041696,299.264742210616,295.26220972561185,259.11779515720065,277.19000244140625,SQZE,1738302.22
2021-08-05,285.0,286.0,277.0,278.3999938964844,1194713,0,0,276.9127283532277,254.85501704063813,298.97043966581725,294.72316238236203,259.09684189009886,276.91000213623045,SQZE,1735143.86
2021-08-06,280.0,280.8500061035156,272.79998779296875,278.29998779296875,2162426,0,0,277.0448482998697,255.58290445642973,298.5067921433097,294.0077420738158,259.13726219864515,276.57250213623047,SQZE,1630375.98
2021-08-09,279.95001220703125,289.0,279.8999938964844,287.70001220703125,1156410,0,0,278.0596258148375,256.6038739143352,299.51537771533975,294.92760916521365,258.897396938302,276.9125030517578,SQZE,1614332.16
2021-08-10,289.5,309.79998779296875,285.1000061035156,303.6499938964844,7468168,0,0,280.49680372737527,256.24663067903265,304.7469767757179,299.75238421890884,256.90262066390363,278.32750244140624,SQZE,1726175.22
2021-08-11,303.6499938964844,307.0,291.29998779296875,300.6000061035156,3658264,0,0,282.4113944298648,257.44623624495017,307.3765526147794,302.9945457328685,256.7004585395924,279.84750213623045,TRNDu,1726405.08
2021-08-12,303.1499938964844,333.04998779296875,301.45001220703125,329.54998779296875,9476823,0,0,286.90078427397,257.9421455696562,315.85942297828376,313.9917340654951,251.8132677655596,282.90250091552736,TRNDu,1859186.08
2021-08-13,329.95001220703125,329.95001220703125,316.25,318.75,2180426,0,0,289.93404291454425,261.1312656392556,318.7368201898329,319.3023656884832,251.74763736327463,285.5250015258789,TRNDu,1719832.34
2021-08-16,319.29998779296875,328.8999938964844,316.75,321.8500061035156,1278474,0,0,292.9736584563511,264.6211601292944,321.3261567834077,324.51925886546405,251.83574601734844,288.17750244140626,TRNDu,1646062.36
2021-08-17,322.5,347.3999938964844,321.8500061035156,343.5,6101626,0,0,297.7856909843176,267.15844493137286,328.4129370372624,334.2472557875735,249.75774909523895,292.00250244140625,TRNDu,1741746.84
2021-08-18,342.0,354.0,333.45001220703125,343.1499938964844,3316393,0,0,302.1061007854764,270.4315817792324,333.78061979172037,341.19686242189704,251.17814062986082,296.18750152587893,TRNDu,1752665.14
2021-08-20,335.95001220703125,345.0,325.6000061035156,329.6499938964844,2599393,0,0,304.72932870081047,272.34226281589395,337.116394585727,345.26694005821724,252.12306238318905,298.69500122070315,TRNDu,1766591.94
2021-08-23,334.0,338.0,325.20001220703125,329.5,2306843,0,0,307.0884402531142,275.38008339809556,338.7967971081328,348.69593012890454,253.78407170215013,301.24000091552733,TRNDu,1750169.04
2021-08-24,331.54998779296875,337.5,320.6000061035156,325.29998779296875,2339993,0,0,308.82287335214795,276.90535340333435,340.74039330096156,350.7705326513118,256.6544673486882,303.7125,TRNDu,1772866.34
2021-08-25,327.0,327.6499938964844,319.70001220703125,324.70001220703125,946728,0,0,310.3349818145178,280.01921752269493,340.65074610634065,352.2598901111789,260.02011171987584,306.14000091552737,TRNDu,1762895.32
2021-08-26,326.29998779296875,337.25,324.29998779296875,333.29998779296875,2176636,0,0,312.5221252410369,282.64793493699005,342.3963155450838,354.24397753951905,263.91602307083247,309.08000030517576,TRNDu,1788985.62
2021-08-27,335.0,339.3999938964844,332.95001220703125,335.1000061035156,1109280,0,0,314.6723996088921,286.4956319973593,342.8491672204249,355.8916406702921,268.1583593297079,312.025,TRNDu,1793377.46
2021-08-30,337.0,366.3999938964844,337.0,361.0,2600675,0,0,319.08455202709285,287.4654636181196,350.7036404360661,363.354570348242,267.1504284310549,315.25249938964845,TRNDu,1830764.04
2021-08-31,360.45001220703125,398.8500061035156,351.3500061035156,385.5,4406621,0,0,325.4098327864174,287.4526532183414,363.36701235449334,375.76303485579126,263.84696270280244,319.80499877929685,TRNDu,1897300.26
2021-09-01,390.8999938964844,395.8500061035156,368.5,375.95001220703125,1981051,0,0,330.22318320742824,290.59172037545676,369.8546460393997,383.0465796078342,265.57341856111117,324.3099990844727,TRNDu,1916488.0
2021-09-02,377.70001220703125,377.70001220703125,366.5,369.20001220703125,1524242,0,0,333.9352621597714,296.0269431695908,371.843581149952,387.0015291750201,270.4634702146284,328.73249969482424,TRNDu,1935794.86
2021-09-03,371.3500061035156,383.95001220703125,368.0,380.20001220703125,1227937,0,0,338.34142883093904,301.0339392983703,375.6489183635078,391.39641918581856,276.2485820348845,333.82250061035154,TRNDu,1914260.62
2021-09-06,383.0,387.0,375.0,380.95001220703125,900490,0,0,342.3993891524716,306.42264857315973,378.37612973178346,394.06431509986777,283.8456885622416,338.9550018310547,TRNDu,1908018.4
2021-09-07,382.3999938964844,391.20001220703125,376.5,378.8500061035156,1320962,0,0,345.87087648114243,310.5518075183555,381.1899454439294,395.92300310709896,291.10199994465887,343.5125015258789,TRNDu,1916476.52
2021-09-08,382.0,386.6000061035156,377.79998779296875,384.95001220703125,578221,0,0,349.5926989312271,316.0455332026095,383.13986465984476,399.60031764407984,295.55468723873264,347.57750244140624,TRNDu,1906463.76
2021-09-09,386.8999938964844,390.3500061035156,378.0,381.5,1038022,0,0,352.6314895092055,319.9690391327465,385.2939398856645,400.9144421180801,302.33056215438086,351.6225021362305,TRNDu,1917350.46
2021-09-13,383.70001220703125,394.79998779296875,383.70001220703125,386.54998779296875,1700045,0,0,355.8618226790877,323.8056197816809,387.91802557649453,404.9081246678092,304.0368796046517,354.47250213623045,TRNDu,1934652.24
2021-09-14,389.8999938964844,402.5,383.6499938964844,397.1000061035156,2032473,0,0,359.7892687195094,327.1686848911401,392.40985254787864,409.28760722498384,307.49239765782863,358.39000244140624,TRNDu,1918267.12
2021-09-15,400.0,401.0,389.1000061035156,393.6000061035156,1140565,0,0,363.0093389465576,331.27081472172836,394.7478631713868,412.1771055554529,311.77789932735965,361.9775024414063,TRNDu,1861229.78
2021-09-16,394.1000061035156,402.6000061035156,375.0,397.6499938964844,2688887,0,0,366.3084489417887,332.22377591873925,400.39312196483814,416.4237655969665,312.94623867549444,364.6850021362305,TRNDu,1891865.16
2021-09-17,398.8999938964844,399.5,355.70001220703125,379.25,13751716,0,0,367.5409776139993,328.10477433466104,406.97718089333756,417.61283546752475,315.3671694152878,366.49000244140626,TRNDu,2145151.8
2021-09-20,378.95001220703125,384.95001220703125,369.6499938964844,373.25,580568,0,0,368.08469403171364,329.53210741819987,406.6372806452274,416.96323952746656,320.37676596569753,368.67000274658204,TRND,2148084.14
2021-09-21,373.25,375.0,354.04998779296875,365.45001220703125,1377842,0,0,367.83377195317246,328.9464415596038,406.72110234674113,415.35100288381125,325.58400383005596,370.4675033569336,TRND,2144685.98
2021-09-22,365.45001220703125,375.0,365.3999938964844,371.8999938964844,808433,0,0,368.22103118586887,331.30243261095393,405.1396297607838,412.6121044697996,332.98290285441914,372.79750366210936,TRNDd,2150983.0
2021-09-23,375.45001220703125,379.8999938964844,369.0,371.54998779296875,378053,0,0,368.5380746722593,333.131337175539,403.94481216897964,408.3196763045741,341.9603285782384,375.14000244140624,TRND,2143592.9
2021-09-24,373.75,376.8500061035156,361.0,364.95001220703125,519024,0,0,368.1963544374757,333.16028946972426,403.2324194052271,404.3182158698259,349.12679145439284,376.7225036621094,TRND,2134077.34
2021-09-27,366.1000061035156,366.6499938964844,354.0,358.95001220703125,471875,0,0,367.3157504155286,333.25329316525546,401.37820766580177,399.6525506145237,356.1774573200466,377.91500396728514,SQZE,2114078.12
2021-09-28,362.3999938964844,374.0,354.5,369.70001220703125,983226,0,0,367.5428229671003,332.98661144185445,402.0990344923461,399.0390784621391,357.6609306931343,378.3500045776367,SQZE,2120846.06
2021-09-29,354.0,357.0,345.8500061035156,355.04998779296875,96097669,0,0,366.3530291409925,330.4824375475681,402.22362073441684,399.56776375668767,354.08724417788267,376.82750396728517,SQZE,4034947.06
2021-09-30,361.8999938964844,363.70001220703125,357.70001220703125,359.54998779296875,1452877,0,0,365.7051204411807,331.6915831242863,399.71865775807515,399.96534743166563,352.0496580614984,376.007502746582,TRNDd,4057520.88
2021-10-01,359.3999938964844,368.5,357.20001220703125,358.70001220703125,1110460,0,0,365.03796727602366,332.1657861322249,397.9101484198224,400.452830782487,350.5121747106771,375.48250274658204,TRNDd,4068197.58
2021-10-04,359.8999938964844,360.5,350.25,353.0,4530962,0,0,363.89149420211663,332.25653117269775,395.5264572315355,400.82007660336524,347.4249276690957,374.1225021362305,TRNDd,4115271.68
2021-10-05,355.29998779296875,358.95001220703125,351.8999938964844,352.54998779296875,2076160,0,0,362.81135073457875,332.9298803459924,392.6928211231651,400.78179159078627,344.62321024026846,372.70250091552737,TRNDd,4137355.62
2021-10-06,355.0,355.54998779296875,341.04998779296875,347.45001220703125,4127745,0,0,361.34836611290757,331.55504276317987,391.14168946263527,401.1085957269254,341.1564067144809,371.13250122070315,TRNDd,4203364.92
2021-10-07,346.0,354.0,345.3999938964844,350.54998779296875,923705,0,0,360.3199491300562,331.78595689459814,388.8539413655143,399.9620642338512,338.86293576614884,369.4125,TRNDd,4202674.56
2021-10-08,352.0,354.75,347.0,349.95001220703125,755728,0,0,359.3323360897681,332.1017430778558,386.56292910168037,398.9775440605762,336.692457160127,367.8350006103516,TRNDd,4194764.2
