Date,Open,High,Low,Close,Volume,Dividends,Stock Splits,KC middle,KC low,KC high,BB high,BB low,BB middle,MOMSQZE,vol_avg,10_ma
2020-03-16,659.7728578622576,753.598347482609,654.7821403292603,680.135009765625,60887005,0.0,0,,,,,,,,,
2020-03-17,689.7171417677364,746.5614248980856,687.7208548161656,729.5430908203125,15145135,0.0,0,,,,,,,,,
2020-03-18,750.7037236343572,767.5723736396498,678.7375995773236,687.9205322265625,8949832,0.0,0,,,,,,,,,
2020-03-19,658.7747107279266,715.668890290793,648.7932757168975,690.7651977539062,6432046,0.0,0,,,,,,,,,
2020-03-20,704.9388493234492,728.6447575307864,688.9685532679798,723.1549682617188,6492226,0.0,0,,,,,,,,,
2020-03-23,657.776552754641,696.7041484411827,578.9232179024154,581.3187866210938,6260086,0.0,0,,,,,,,,,
2020-03-24,618.8489607166126,622.7916396668372,573.9823988802896,612.5606689453125,4019306,0.0,0,,,,,,,,,
2020-03-25,599.8842458200514,647.6953440236986,590.3020925517302,623.789794921875,3487615,0.0,0,,,,,,,,,
2020-03-26,632.8229717964982,692.5119402326825,620.29628319846,649.7415161132812,4360453,0.0,0,,,,,,,,,
2020-03-27,673.746827502688,688.7189792249699,648.7932412988847,654.6823120117188,3114532,0.0,0,,,,,,,,,663.3611877441406
2020-03-30,638.8118422986792,641.5068419427456,605.8731066801535,614.2075805664062,1791851,0.0,0,,,,,,,,,656.7684448242187
2020-03-31,633.8211484020953,636.8155790244675,607.420239563812,617.5015258789062,2334476,0.0,0,,,,,,,,,645.5642883300782
2020-04-01,622.8415435766732,622.8415435766732,600.133778967107,606.921142578125,1500748,0.0,0,,,,,,,,,637.4643493652344
2020-04-03,612.6604410051567,613.558794484142,586.908352029066,589.1541748046875,1693653,0.0,0,,,,,,,,,627.3032470703125
2020-04-07,603.8768062547992,609.8656671432766,580.9195061823027,584.9619750976562,3137346,0.0,0,,,,,,,,,613.4839477539062
2020-04-08,583.714281438232,597.2890690058161,574.9306312014668,578.4241333007812,3090942,0.0,0,,,,,,,,,613.194482421875
2020-04-09,583.9638507020832,613.1096534962879,573.9325205703957,594.0950317382812,6139508,0.0,0,,,,,,,,,611.3479187011719
2020-04-13,578.9232118570723,580.4204270601508,500.16969826732026,504.5615234375,22872176,0.0,0,,,,,,,,,599.4250915527343
2020-04-15,509.0531779917129,523.4763635525135,501.06803010164685,503.7131042480469,8436630,0.0,0,,,,,,,,,584.8222503662109
2020-04-16,504.06245763040437,536.2026898854641,500.06988370857937,531.1121215820312,8012039,0.0,0,600.0449893713162,499.75393076534033,700.3360479772921,743.5980334210584,492.22838564632445,617.9132095336914,,,572.4652313232422
2020-04-17,544.9863612600142,547.7811509282604,522.0290603278157,529.51513671875,6749997,0.0,0,593.3278605472623,497.91548968179507,688.7402314127295,738.2819612473588,482.48247051533644,610.3822158813476,TRNDd,,563.9959869384766
2020-04-20,533.7572465831724,547.8810017404136,527.5188495917843,539.0972900390625,5766094,0.0,0,588.1630443083861,498.21948009973977,678.1066085170326,719.9065307563376,481.8133209282328,600.8599258422852,TRNDd,,556.1555633544922
2020-04-21,527.9181366404601,533.9069978120054,517.038347810081,524.9237060546875,3249266,0.0,0,582.1402501889862,496.7792539554082,667.5012464225642,709.0877737463059,476.33239532107694,592.7100845336914,TRNDd,,547.9558197021485
2020-04-22,526.0216218521441,534.7054824428006,519.1344073680748,531.41162109375,2719250,0.0,0,577.3089521799161,497.3698405547507,657.2480638050815,694.8258749447884,474.6589364565787,584.7424057006835,TRNDd,,542.1815643310547
2020-04-23,537.9993675062741,572.9343913703178,534.0067933503833,559.9086303710938,4983300,0.0,0,575.651778674314,495.40202415635156,655.9015331922764,666.8220541933956,486.3381234189092,576.5800888061524,TRNDd,,539.6762298583984
2020-04-24,556.6646460817327,595.3427069810026,551.0750058889893,556.8143310546875,7823763,0.0,0,573.8577360438733,492.7794167593044,654.9360553284421,665.9708338151265,484.73889824053754,575.354866027832,TRNDd,,537.515249633789
2020-04-27,562.653529204034,573.9325390922603,541.8421997116671,551.6739501953125,3304382,0.0,0,571.7449945344865,492.3564393022559,651.1335497667171,661.8062534161595,482.8148067645045,572.310530090332,TRNDd,,533.2731414794922
2020-04-28,554.967765594875,561.4058031175293,546.4336511680273,549.8772583007812,1975797,0.0,0,569.6623529884193,495.21822288951137,644.1064830873273,655.3644350046013,481.86537151395333,568.6149032592773,TRNDd,,537.8047149658203
2020-04-29,554.3689100306013,582.9157890286797,547.3819057100521,576.4278564453125,6121254,0.0,0,570.3066866509805,496.20019289823784,644.4131804037231,643.4835141605164,486.41492639124147,564.9492202758789,TRNDd,,545.0761901855469
2020-04-30,589.9028255970525,603.7770450179044,583.9139644234783,598.0377197265625,6038250,0.0,0,572.9477374200835,500.78205532809676,645.1134195120703,630.9945154886076,493.23946583463464,562.1169906616211,TRNDu,,551.76875
2020-05-04,565.1488305697524,576.9269110327659,565.1488305697524,567.3946533203125,2066273,0.0,0,572.4188722677244,500.8919805535743,643.9457639818745,624.4685676188217,495.08412097981113,559.7763442993164,SQZE,,555.5567016601562
2020-05-05,576.6773780146732,583.2152054252787,549.5777589889078,551.9733276367188,2247743,0.0,0,570.4716775409619,499.3699857109526,641.5733693709711,615.5582310651515,497.44163770926264,556.4999343872071,SQZE,,556.8443054199219
2020-05-06,555.9659486102673,567.9436710219786,540.9937955956282,564.5999145507812,2355709,0.0,0,569.9124620180875,500.53096428580903,639.293959750366,608.9240767966651,499.8436691750146,554.3838729858398,SQZE,,560.8119262695312
2020-05-07,561.9547896791992,577.9250856558726,557.8624257039143,573.383544921875,2201860,0.0,0,570.2430413422577,503.7871613928154,636.6989212917,606.5344521102012,500.6562308731972,553.5953414916992,TRNDd,,565.0091186523438
2020-05-08,583.913933208783,584.9120766843536,547.581486329277,560.90673828125,5124992,0.0,0,569.3538696221617,502.07745959664834,636.630279647675,603.4874037795892,501.29775552216864,552.3925796508789,SQZE,,565.1089294433593
2020-05-11,550.9751915736098,559.9584827405708,541.9919004066487,547.481689453125,2746613,0.0,0,567.2708048441582,502.93906824627595,631.6025414420404,600.5485933339367,501.1423215830555,550.8454574584961,SQZE,,564.1756652832031
2020-05-12,540.9938023072211,547.3319894599783,529.2157206406216,542.0917358398438,2114725,0.0,0,564.8727982723187,503.32104157172404,626.4245549729135,593.9024791884614,502.58810613868707,548.2452926635742,SQZE,,563.2174438476562
2020-05-13,568.9417685858066,569.4907353009509,544.2377181077386,547.2820434570312,2376104,0.0,0,563.1974882899104,502.3211073671538,624.0738692126671,591.4283585591443,509.33427876995734,550.3813186645508,SQZE,,562.9579223632812
2020-05-14,541.9919243007727,544.7368189450216,536.1028532407372,537.6500244140625,1456710,0.0,0,560.7643964922106,503.7398156184708,617.7889773659504,587.7176801282889,516.4386492174143,552.0781646728516,SQZE,,559.0801391601562
2020-05-15,542.0,544.0,535.25,539.4500122070312,1044610,1.0,0,558.7344551317174,505.66233234535156,611.8065779180832,587.3297963505246,517.6603220576786,552.4950592041016,SQZE,,553.2213684082031
2020-05-18,540.0,540.0,526.0,528.9000244140625,1212869,0.0,0,555.893080777655,505.32817026992575,606.4579912853842,587.3811318281415,517.5474753495929,552.4643035888672,SQZE,,549.3719055175782
2020-05-19,535.0,540.0,529.1500244140625,537.6500244140625,1329747,0.0,0,554.1556468382652,506.42723226412136,601.884061412409,587.4250833547201,517.3587972605144,552.3919403076172,SQZE,,547.9395751953125
2020-05-20,537.0,548.0,534.5999755859375,536.75,1142401,0.0,0,552.4979661870018,506.8623881874599,598.1335441865438,586.5087047437993,519.4578052659664,552.9832550048828,SQZE,,545.1545837402343
2020-05-21,539.4000244140625,546.7999877929688,536.1500244140625,542.3499755859375,1181440,0.0,0,551.5314908916623,508.3294780162933,594.7335037670313,585.969432161972,521.0909132970123,553.5301727294922,SQZE,,542.0512268066407
2020-05-22,541.4000244140625,546.2999877929688,495.0,509.54998779296875,5257005,0.0,0,547.5332525013105,498.39144335488464,596.6750616477364,588.504373278491,513.520107922681,551.012240600586,SQZE,,536.9155517578125
2020-05-26,515.0,518.0,496.5,498.75,4517594,0.0,0,542.8872284535666,494.3596002217834,591.41485668535,591.8295095794708,504.38853851623225,548.1090240478516,TRNDd,,532.0423828125
2020-05-27,501.6000061035156,521.0999755859375,496.0,517.4500122070312,3008219,0.0,0,540.4646364300871,491.7697759042947,589.1594969558796,592.0620509733315,500.73360332354355,546.3978271484375,TRNDd,,529.5782104492188
2020-05-28,520.0,537.75,518.1500244140625,532.2999877929688,2381056,0.0,0,539.6870508455996,491.8016788137927,587.5724228774066,591.5565597789573,499.48136746713635,545.5189636230468,TRNDd,,528.0800048828125
2020-05-29,528.0,541.6500244140625,524.2000122070312,538.8499755859375,1540576,0.0,0,539.6073293922985,493.02049212226603,586.194166662331,587.493945551354,499.7861936088023,543.6400695800781,TRNDd,,528.2
2020-06-01,544.0,557.4000244140625,544.0,547.7999877929688,1938989,0.0,0,540.3875825733147,494.74941926466045,586.025745881969,577.3160850533092,504.9402809134878,541.1281829833985,SQZE,5482683.86,529.0349975585938
2020-06-02,554.5,573.0,552.75,570.0499877929688,2740833,0.0,0,543.2125735466151,497.09822412742,589.3269229658101,577.8505987092615,504.67130070480107,541.2609497070313,SQZE,4319760.42,533.1499938964844
2020-06-03,578.0,626.0,577.0,611.2999877929688,9382240,0.0,0,549.697089189125,497.0041722704432,602.3900061078068,591.7851238251429,496.66944160454466,544.2272827148438,TRNDu,4204502.52,540.514990234375
2020-06-04,615.0,634.7000122070312,607.0,612.4000244140625,4581283,0.0,0,555.6687973057857,502.7051696375658,608.6324249740055,602.1636243843587,491.0709520316569,546.6172882080078,TRNDu,4117131.54,548.0799926757812
2020-06-05,618.0,632.0,615.0499877929688,626.0,2893988,0.0,0,562.3670070861871,510.77974706760165,613.9542671047725,613.8603933528178,484.63582857101034,549.2481109619141,TRNDu,4046370.38,556.4449951171875
2020-06-08,634.9000244140625,639.5,611.2000122070312,614.8499755859375,2619002,0.0,0,567.3653850385443,515.2768534632237,619.453916613865,622.508609748586,481.38193590571086,551.9452728271484,TRNDu,3968905.9,566.9749938964844
2020-06-09,618.0,626.75,607.2000122070312,611.6500244140625,2338078,0.0,0,571.5829697409747,520.7932937645924,622.372645717357,630.2999171749583,480.0074619754324,555.1536895751954,TRNDu,3890465.74,578.2649963378906
2020-06-10,612.0,618.0,593.5499877929688,598.4000244140625,2051355,0.0,0,574.1369749479354,523.5362641277851,624.7376857680857,635.138887320798,480.7993206870147,557.9691040039063,TRNDu,3851106.72,586.3599975585937
2020-06-11,595.4500122070312,608.7000122070312,590.0,591.0499877929688,1353850,0.0,0,575.7477380760339,526.4670958964923,625.0283802555755,638.4648792223235,481.85012321908283,560.1575012207031,TRNDu,3808431.42,592.2349975585937
2020-06-12,552.5,594.5,552.5,590.4500122070312,2363435,0.0,0,577.1479546599384,524.395376698351,629.9005326215257,641.4510256700102,484.1439755506929,562.7975006103516,TRNDu,3768491.06,597.3950012207031
2020-06-15,585.0,599.0,583.3499755859375,592.5499877929688,1081666,0.0,0,578.6148149583222,528.0074899100811,629.2221400065633,644.358785489045,486.54621329025196,565.4524993896484,TRNDu,3727833.74,601.8700012207031
2020-06-16,602.4500122070312,609.5,577.0,585.75,1533797,0.0,0,579.294356390863,527.2477638474459,631.34094893428,645.8131496535872,490.77684668430345,568.2949981689453,TRNDu,3722672.66,603.4400024414062
2020-06-17,580.0,584.9000244140625,575.0499877929688,579.5,1143106,0.0,0,579.313941496495,530.3320057660134,628.2958772269766,646.7343183290288,494.0406755674555,570.3874969482422,TRNDu,3698845.26,600.2600036621094
2020-06-18,578.0,590.4500122070312,577.2000122070312,587.9000244140625,1240429,0.0,0,580.1316636791205,533.3979215216871,626.8654058365539,648.0297194405448,497.8602768973458,572.9449981689453,TRNDd,3693638.88,597.8100036621094
2020-06-19,592.7000122070312,622.7000122070312,587.0999755859375,616.9500122070312,4045585,0.0,0,583.6381730627311,534.4577977968222,632.81854832864,652.7153898235838,500.6346101764161,576.675,TRNDu,3740677.52,596.9050048828125
2020-06-22,622.75,668.75,620.4000244140625,657.9000244140625,6535761,0.0,0,590.7107303342864,536.0883950363747,645.3330656321981,661.4256190339842,506.7593846281253,584.0925018310547,TRNDu,3808645.82,601.210009765625
2020-06-23,664.9500122070312,687.0,663.0,679.9500122070312,3797034,0.0,0,599.2097095602621,544.2296126749541,654.1898064455702,670.8257958402519,515.4792090425606,593.1525024414062,TRNDu,3822767.66,608.0400085449219
2020-06-24,684.75,695.5,661.0,664.4500122070312,3224392,0.0,0,605.4230717170973,549.0409845203201,661.8051589138745,675.9183103442718,525.0866945385407,600.5025024414062,TRNDu,3764465.34,614.6450073242188
2020-06-25,650.0,668.0,646.9000244140625,654.0999755859375,1614042,0.0,0,610.0589673236535,555.0950937293666,665.0228409179405,678.588424882294,534.5965787798154,606.5925018310547,TRNDu,3339302.66,620.9500061035156
2020-06-26,657.8499755859375,663.5,648.2000122070312,652.1500244140625,1001664,0.0,0,614.067639427502,561.5401556340499,666.595123220954,679.728472293689,544.7865362512327,612.2575042724609,TRNDu,3190603.34,627.1200073242187
2020-06-29,645.0,647.9000244140625,629.6500244140625,636.5499877929688,1137562,0.0,0,616.2088154623083,564.4340800482014,667.9835508764152,678.0190335407635,555.3709750041583,616.6950042724609,TRND,3053113.8,631.5200073242188
2020-06-30,640.0,647.9500122070312,627.4000244140625,630.25,1499574,0.0,0,617.5460711325646,566.8388117012747,668.2533305638545,677.376420856089,562.0335889095361,619.7050048828125,TRND,2948105.34,635.9700073242187
2020-07-01,634.6500244140625,653.75,626.3499755859375,649.6500244140625,1343198,0.0,0,620.6035904927073,569.4870521217339,671.7201288636808,680.5843328708272,562.6606805569072,621.6225067138672,TRND,2859647.42,642.985009765625
2020-07-02,654.0,658.5,641.0,654.2000122070312,1395016,0.0,0,623.8032497035954,574.2983651697193,673.3081342374714,684.1630850159299,563.2619271911012,623.7125061035156,TRNDu,2822562.42,649.6150085449219
2020-07-03,661.3499755859375,677.0499877929688,654.2000122070312,674.8499755859375,2461518,0.0,0,628.6648426447707,579.5404514470947,677.7892338424467,690.593897805072,561.716111960553,626.1550048828125,TRNDu,2817407.78,655.4050048828125
2020-07-06,678.9000244140625,704.9000244140625,677.0,698.7999877929688,2844630,0.0,0,635.3443802779324,585.122418434399,685.5663421214657,701.8493085438848,558.8557024424432,630.352505493164,TRNDu,2774634.38,659.4950012207031
2020-07-07,705.0,726.0,698.2000122070312,703.8499755859375,4554530,0.0,0,641.8687226882186,591.1089594704448,692.6284859059923,712.6619470576026,557.2630590459131,634.9625030517578,TRNDu,2709249.72,661.8849975585938
2020-07-08,710.0,721.0,691.0499877929688,695.4500122070312,2209024,0.0,0,646.9717026423912,595.2979133049885,698.6454919797939,719.8612477090435,559.768757173769,639.8150024414062,TRNDu,2687342.56,664.9849975585937
2020-07-09,702.0,704.8499755859375,693.2000122070312,698.1500244140625,1549853,0.0,0,651.8458285254075,603.0094254459639,700.682231604851,725.7782348074501,564.5617737374718,645.1700042724609,TRNDu,2678823.68,669.3900024414063
2020-07-10,693.5499877929688,710.0,690.0999755859375,703.1500244140625,1952538,0.0,0,656.7319424195651,608.7991747652534,704.6647100738769,731.0804989221723,570.5295108434526,650.8050048828125,TRNDu,2595449.36,674.4900024414062
2020-07-13,706.0,708.4500122070312,693.0999755859375,698.2000122070312,1082191,0.0,0,660.6812823993238,614.4717841862245,706.8907806124231,734.209613136681,577.9653990703501,656.0875061035156,TRNDu,2496328.18,680.6550048828125
2020-07-14,692.0,695.4500122070312,685.0,691.3499755859375,1399402,0.0,0,663.6021103218585,619.3735594886629,707.8306611550541,733.8296705742351,588.9053391913898,661.3675048828125,TRNDu,2482990.76,686.7650024414063
2020-07-15,695.0,704.9000244140625,690.75,692.2000122070312,1068015,0.0,0,666.3257200252083,623.6900193925197,708.9614206578968,730.0376033324528,603.9674076538754,667.0025054931641,TRND,2459396.2,691.0200012207031
2020-07-16,696.0,723.2999877929688,685.7000122070312,719.9000244140625,3365778,0.0,0,671.4280347289086,625.5359090423015,717.3201604155158,729.3463173347682,617.8586936515599,673.602505493164,TRND,2479597.58,697.5900024414062
2020-07-17,722.0,760.0,720.0499877929688,755.9500122070312,6690584,0.0,0,679.4777468696823,630.1548386345482,728.8006551048163,740.7894039186575,620.3156070676706,680.5525054931641,TRND,2569372.06,705.7000061035156
2020-07-20,756.2999877929688,768.7999877929688,731.3499755859375,751.0,6764802,0.0,0,686.2893900249506,634.4087701719238,738.1700098779775,751.7789004875963,618.6361080573256,685.2075042724609,TRNDu,2602168.26,710.9200073242188
2020-07-21,785.0,798.4500122070312,765.7000122070312,777.0999755859375,10761840,0.0,0,694.9380172212351,638.7554569121047,751.1205775303655,767.6580862339927,612.4719186488198,690.0650024414062,TRNDu,2762472.8,718.2450073242187
2020-07-22,778.0,781.8499755859375,750.0,754.2000122070312,3466851,0.0,0,700.582016743692,643.6477173482871,757.5163161390968,775.9869569310711,613.1180479517413,694.5525024414062,TRNDu,2789515.32,724.1200073242187
2020-07-23,753.0,766.0,741.0999755859375,744.0499877929688,2255744,0.0,0,704.7218235102898,648.5009491716129,760.9426978489668,780.9852162173804,617.1147898861352,699.0500030517578,TRNDu,2787108.12,728.7100036621093
2020-07-24,740.0,751.0,735.0,740.7999877929688,1742826,0.0,0,708.1578391562592,654.3590522514501,761.9566260610684,784.3742909299204,622.5907115114859,703.4825012207032,TRNDu,2792830.44,732.475
2020-07-27,745.0,763.4500122070312,735.0,750.6500244140625,2848458,0.0,0,712.2047139427167,658.0958032869821,766.3136245984513,786.4031506685417,631.971855434974,709.1875030517579,TRNDu,2828907.4,737.7200012207031
2020-07-28,754.9500122070312,758.0999755859375,748.3499755859375,752.4000244140625,1068617,0.0,0,716.0328387495115,665.3848191593504,766.6808583396726,785.5821899831157,645.0078185618062,715.2950042724609,TRNDu,2826022.36,743.8250061035156
2020-07-29,754.9500122070312,759.9000244140625,737.0999755859375,745.75,1556190,0.0,0,718.8630445828913,668.7198171861214,769.0062719796613,784.6878122643242,655.5121938391914,720.1000030517578,TRND,2830551.22,749.1800048828125
2020-07-30,746.0999755859375,749.5,729.0,735.9000244140625,1740476,0.0,0,720.4856140906219,671.256709433529,769.7145187477148,781.5104129958023,666.8595943284164,724.1850036621094,TRND,2842512.72,750.7800048828125
2020-07-31,734.0,738.4000244140625,725.0499877929688,726.8499755859375,1012433,0.0,0,721.0917437568423,674.11572224124,768.0677652724447,779.4518240644375,674.1181832597813,726.7850036621094,TRND,2839132.58,747.8700012207031
2020-08-03,726.8499755859375,743.1500244140625,720.9000244140625,730.8499755859375,855330,0.0,0,722.0210991691371,675.2926798050948,768.7495185331793,779.4775659879579,677.2974401155577,728.3875030517578,TRND,2751099.08,745.8549987792969
2020-08-04,734.4500122070312,760.9000244140625,732.25,757.0,1885996,0.0,0,725.3524230577907,677.2868358645277,773.4180102510537,782.2823170959122,679.8076914490097,731.0450042724609,TRND,2698467.12,743.8450012207031
2020-08-05,762.9000244140625,769.9000244140625,751.0,758.8499755859375,1308362,0.0,0,728.5426661557094,681.5036327989602,775.5816995124586,784.0777065971656,684.3522982856468,734.2150024414062,TRND,2664469.98,744.3099975585938
2020-08-06,762.0,764.4500122070312,753.0,758.5499877929688,867916,0.0,0,731.400506311639,686.7753738491585,776.0256387741194,785.2777886680055,689.1922125526976,737.2350006103516,TRND,2634207.18,745.7599975585938
2020-08-07,757.5,765.0,753.0,757.9500122070312,913957,0.0,0,733.9290306826286,691.3664114663962,776.491649898861,786.1436508180753,693.8063491819247,739.975,TRND,2621674.8,747.475
2020-08-10,758.5499877929688,769.0,755.0999755859375,761.5999755859375,1225839,0.0,0,736.564358768658,695.4779965912363,777.6507209460798,785.991780517155,700.2982158207357,743.1449981689453,TRND,2607411.8,748.5699951171875
2020-08-11,765.75,790.9000244140625,761.0,780.3499755859375,3956485,0.0,0,740.7344175131609,697.7766866706688,783.692148355653,786.2852288950573,708.9047674428332,747.5949981689453,TRND,2631724.84,751.364990234375
2020-08-12,779.2000122070312,807.7000122070312,777.0,791.3499755859375,5418744,0.0,0,745.5549468534253,700.7529866537762,790.3569070530745,786.7256658875181,718.3793267882631,752.5524963378906,SQZE,2552454.92,755.9249877929688
2020-08-13,795.75,810.0,788.7999877929688,792.2999877929688,2719223,0.0,0,750.0068555143342,705.4450888932438,794.5686221354247,791.074124854743,721.2708641589289,756.172494506836,SQZE,2515213.72,761.5649841308593
2020-08-14,794.0,798.75,753.0499877929688,779.7999877929688,2224949,0.0,0,752.8442966837281,703.5987042833405,802.0898890841157,793.752867306333,720.9771192659327,757.3649932861329,SQZE,2501832.94,766.8599853515625
2020-08-17,781.75,809.0,770.0999755859375,803.0999755859375,2205467,0.0,0,757.6305518172719,705.5295137741106,809.7315898604332,801.2878864265366,718.6520977043227,759.9699920654297,SQZE,2493562.24,774.0849853515625
2020-08-18,804.4000244140625,825.0,804.0,821.4000244140625,3763756,0.0,0,763.7038349217282,712.4328958000705,814.974774043386,811.0069768402284,713.3630121734434,762.1849945068359,SQZE,2522075.8,780.5249877929688
2020-08-19,826.7000122070312,836.7000122070312,820.0,824.3499755859375,2178064,0.0,0,769.4796578421291,719.9958101912308,818.9635054930274,821.320909617025,710.0640757345376,765.6924926757813,TRNDu,2524609.98,787.0749877929687
2020-08-20,818.4000244140625,818.5499877929688,807.0,808.5,1742877,0.0,0,773.1958809047835,725.1904229017877,821.2013389077794,826.5847398071302,711.2452467651354,768.9149932861328,TRNDu,2532390.52,792.0699890136718
2020-08-21,815.3499755859375,834.8499755859375,815.0,830.0499877929688,1674525,0.0,0,778.6105577512774,730.1356504313936,827.0854650711611,835.3093174372923,711.4456691349733,773.3774932861328,TRNDu,2518612.32,799.2799865722657
2020-08-24,835.0,841.0,825.75,836.4500122070312,1772023,0.0,0,784.119077223254,737.4416606353585,830.7964938111494,844.4077011259849,710.9272842255775,777.6674926757812,TRNDu,2532419.46,806.764990234375
2020-08-25,840.0,841.4000244140625,822.0,827.2999877929688,1117728,0.0,0,788.2315448965601,742.3418650846417,834.1212247084785,850.4280202759725,712.3969614134807,781.4124908447266,TRNDu,2524098.08,811.4599914550781
2020-08-26,828.3499755859375,835.7999877929688,821.0999755859375,827.3499755859375,926127,0.0,0,791.9571097241198,747.7163954519871,836.1978239962526,855.2366334121485,715.7483458358982,785.4924896240234,TRNDu,2519758.5,815.0599914550781
2020-08-27,828.6500244140625,831.7999877929688,811.0999755859375,819.7000122070312,1411422,0.0,0,794.5992909129685,750.6426456266428,838.5559361992943,857.0335811527815,722.3313968745623,789.6824890136719,TRNDu,2523178.36,817.7999938964844
2020-08-28,824.0,846.0,823.5499877929688,838.9000244140625,2308536,0.0,0,798.8184083892633,753.9974300729763,843.6393867055502,859.3592116013699,731.2107713087864,795.2849914550782,TRNDu,2488437.38,823.7099975585937
2020-08-31,845.0,848.7000122070312,786.0999755859375,807.7999877929688,3393543,0.0,0,799.6737969039019,746.814909095025,852.5326847127789,856.1170813525786,742.1479027782808,799.1324920654297,TRNDu,2425593.02,824.1799987792969
2020-09-01,804.0999755859375,820.8499755859375,796.2999877929688,806.7000122070312,1456956,0.0,0,800.3429602661048,747.8599636795218,852.8259568526878,855.2734951245405,747.961490227022,801.6174926757812,TRND,2378791.46,822.7099975585937
2020-09-02,802.0,819.0,801.9000244140625,814.0999755859375,864094,0.0,0,801.653152201327,750.9984601562147,852.3078442464392,854.5177164583358,754.2422688932268,804.3799926757813,TRND,2331585.5,821.6849975585938
2020-09-03,815.0,835.0,814.9500122070312,827.7999877929688,1202041,0.0,0,804.1433270195786,754.374099296165,853.9125547429921,854.269393130602,761.4155922209605,807.8424926757813,TRND,2323345.48,823.6149963378906
2020-09-04,811.0,827.5,810.0,816.4500122070312,895542,0.0,0,805.3153922755264,756.9630897658604,853.6676947851923,851.2421828274438,770.2928025241187,810.7674926757812,SQZE,2321223.04,822.2549987792969
2020-09-07,820.0,823.6500244140625,805.0,808.7000122070312,836290,0.0,0,805.6377370309078,758.390659889396,852.8848141724196,846.7882390570122,779.4567499566596,813.1224945068359,SQZE,2315197.6,819.4799987792969
2020-09-08,811.0,824.5999755859375,807.1500244140625,818.9000244140625,1527365,0.0,0,806.9008120197797,760.888452358044,852.9131716815153,845.2226611420597,784.8773327544247,815.0499969482422,SQZE,2315753.42,818.6400024414063
2020-09-09,812.0499877929688,813.9500122070312,805.0,809.1500244140625,801690,0.0,0,807.1150227239971,762.9238941456225,851.3061513023716,844.2568667982464,787.6231319810504,815.9399993896484,SQZE,2304923.26,816.8200073242188
2020-09-10,814.0,826.0,812.0499877929688,819.9500122070312,1336600,0.0,0,808.3374026747622,765.1953918370375,851.4794135124869,843.5073388232569,791.1376623974462,817.3225006103515,SQZE,2303754.94,816.8450073242187
2020-09-11,819.0,855.7999877929688,819.0,849.4000244140625,2721924,0.0,0,812.2481285546955,766.0603212421496,858.4359358672415,844.4965906135401,797.1084142692723,820.8025024414062,SQZE,2308963.06,817.8950073242188
2020-09-14,858.0,868.0,842.7000122070312,855.8499755859375,2306713,0.0,0,816.4006854148138,769.7716612749286,863.0297095546989,850.2088905890016,796.6711142938109,823.4400024414062,SQZE,2298204.72,822.7000061035156
2020-09-15,859.0,865.5,856.5,858.5999755859375,1049675,0.0,0,820.4196654311113,776.5235388224022,864.3157920398204,856.1082367106753,794.4917632893246,825.3,SQZE,2228107.62,827.8900024414063
2020-09-16,863.5499877929688,865.0,850.0,851.5499877929688,1082637,0.0,0,823.3844580370024,780.8779440891643,865.8909719848406,859.5139334819138,793.8060677387892,826.6600006103515,SQZE,2205579.88,831.6350036621094
2020-09-17,846.9000244140625,858.0,844.0,851.0499877929688,706303,0.0,0,826.0192703947135,784.9634078416592,867.0751329477679,862.1685284598507,795.4064715401494,828.7875,SQZE,2188708.88,833.9600036621093
2020-09-18,856.0,863.7999877929688,826.5499877929688,849.4000244140625,8126281,0.0,0,828.2460088727468,783.8457325749978,872.6462851704957,864.3267428824331,795.1832607796762,829.7550018310546,SQZE,2312183.74,837.2550048828125
2020-09-21,855.0,857.0,811.0,818.1500244140625,1464193,0.0,0,827.2844865433483,778.1242378753743,876.4447352113223,863.6225677748349,794.0574371079775,828.8400024414062,SQZE,2319823.78,838.2000061035156
2020-09-22,820.0,828.0,774.0499877929688,813.0,1361203,0.0,0,825.9240592535057,770.8898330109228,880.9582854960886,863.5860910371921,792.6639150663236,828.1250030517579,SQZE,2319059.8,837.6100036621094
2020-09-23,819.0,826.7000122070312,811.1500244140625,821.0499877929688,1051814,0.0,0,825.4598619715497,772.8190607946314,878.100663148468,863.4047068820641,792.2153004421546,827.8100036621094,SQZE,2318735.78,838.8
2020-09-24,811.2999877929688,820.7999877929688,805.0,816.0999755859375,1161115,0.0,0,824.5684442205389,773.9817256027187,875.1551628383592,863.4227923608329,791.8372113012764,827.6300018310546,SQZE,2274642.52,838.4149963378907
2020-09-25,813.0999755859375,824.25,806.9000244140625,812.0499877929688,761947,0.0,0,823.3762102750561,774.3781684018304,872.3742521482818,862.3022094244023,790.2727905755977,826.2875,SQZE,2156069.78,834.6799926757812
2020-09-28,818.75,848.5,813.2999877929688,841.4000244140625,1055580,0.0,0,825.0927640025805,773.7045238752711,876.4810041298898,863.507475489273,792.4275281728364,827.9675018310547,SQZE,2041885.34,833.2349975585937
2020-09-29,845.0999755859375,854.8499755859375,830.6500244140625,849.7000122070312,1322936,0.0,0,827.4363114506234,776.3469051016699,878.5257177995769,865.4530208748391,794.7819827872703,830.1175018310547,SQZE,1853107.26,832.3450012207031
2020-09-30,849.7999877929688,851.0,842.0,847.5999755859375,796450,0.0,0,829.3566604158914,781.5761947018333,877.1371261299495,867.1081011380052,796.4769025241042,831.7925018310547,SQZE,1799699.24,831.95
2020-10-01,858.0,858.0,833.7000122070312,838.9000244140625,746193,0.0,0,830.2655522252411,782.403135523995,878.1279689264871,867.7434750156959,796.9515323085228,832.3475036621094,SQZE,1769508.22,830.7350036621094
2020-10-05,839.0,848.4500122070312,838.0,845.8499755859375,864631,0.0,0,831.7497830214979,786.5836055489702,876.9159604940256,868.8909748882672,798.744028773842,833.8175018310546,SQZE,1751944.32,830.3799987792969
2020-10-06,849.4500122070312,850.0,838.4500122070312,842.1500244140625,796635,0.0,0,832.7402822017422,789.7807249178735,875.6998394856108,868.756622477791,802.2233824050214,835.4900024414062,SQZE,1710907.86,832.7799987792969
2020-10-07,845.0,848.0,833.0,843.5,834051,0.0,0,833.7650172301477,792.1014156746659,875.4286187856295,869.2531068001756,804.1868956412306,836.7200012207031,SQZE,1706216.54,835.8299987792968
2020-10-08,848.0,852.75,841.2999877929688,847.2999877929688,777027,0.0,0,835.0540620456544,795.2668182043145,874.8413058869943,868.8634921885812,808.3915065907156,838.6274993896484,SQZE,1690633.28,838.4549987792968
2020-10-09,850.0,852.7999877929688,841.0,850.6500244140625,900501,0.0,0,836.5393917950266,798.370874779227,874.7079088108262,869.555166928048,810.769833071952,840.1625,SQZE,1673833.78,841.9100036621094
2020-10-12,850.0999755859375,855.0,839.0,845.0499877929688,672680,0.0,0,837.3499247472116,799.7982594329919,874.9015900614313,869.1246276539529,810.7653686839377,839.9449981689453,SQZE,1667038.72,845.2100036621093
2020-10-13,843.0999755859375,861.0999755859375,840.0999755859375,856.3499755859375,1367182,0.0,0,839.1594533985188,801.1629546157211,877.1559521813166,869.2048963621273,810.7350999757632,839.9699981689453,SQZE,1677275.76,846.7049987792968
2020-10-14,860.0,895.5,860.0,892.1500244140625,5345898,0.0,0,844.2061744476183,802.1793206602879,886.2330282349487,877.9594687569382,805.3355324637649,841.6475006103516,SQZE,1746473.8,850.95
2020-10-15,892.25,918.75,887.75,900.2000122070312,3799142,0.0,0,849.5389209008957,805.5147524922984,893.5630893094931,888.3627101301113,799.7972935319981,844.0800018310547,TRNDu,1796289.4,856.2100036621093
2020-10-16,897.9000244140625,904.4000244140625,876.0,879.5999755859375,1568229,0.0,0,852.4018784899474,807.1001220393973,897.7036349404975,892.3628616666246,798.6521407747817,845.5075012207031,TRNDu,1810295.66,860.2799987792969
2020-10-19,884.3499755859375,888.7999877929688,875.2999877929688,883.2000122070312,895259,0.0,0,855.3350340820506,811.8634532765554,898.8066148875457,896.8474264944643,797.5475747262387,847.1975006103515,TRNDu,1809921.7,864.0150024414063
2020-10-20,883.9500122070312,901.7999877929688,873.0,898.2999877929688,1284930,0.0,0,859.4269344354714,814.542514151932,904.3113547190108,903.6875352898032,798.7224622687904,851.2049987792968,TRNDu,1811103.52,869.6299987792969
2020-10-21,901.0,908.75,878.0,895.2999877929688,960802,0.0,0,862.843415707614,816.2974374524285,909.3893939627994,908.0801439567214,802.5598523811692,855.3199981689453,TRNDu,1751189.86,874.8099975585938
2020-10-22,899.0,902.0,828.0,851.9000244140625,2426257,0.0,0,861.801187965371,805.1098075357041,918.4925683950379,907.276468875849,806.4485311241509,856.8625,SQZE,1691340.12,875.2700012207031
2020-10-23,790.0,827.8499755859375,766.0999755859375,807.25,11939166,0.0,0,856.6058367305739,788.4235845782487,924.788088882899,908.3887263259522,804.4512761154541,856.4200012207032,SQZE,1875738.98,870.9299987792969
2020-10-26,807.1500244140625,818.0,790.0,793.9500122070312,2209502,0.0,0,850.6386153473793,783.6745884102866,917.602642284472,911.0508699961769,799.9791348866357,855.5150024414063,SQZE,1875430.04,865.8200012207031
2020-10-27,796.0,820.0,795.0499877929688,814.2000122070312,1830254,0.0,0,847.1682721911557,781.6906503891785,912.6458939931329,912.2787778705655,796.031225791544,854.1550018310547,SQZE,1867925.78,861.6050048828125
2020-10-28,818.6500244140625,819.7999877929688,807.0,808.7000122070312,1174804,0.0,0,843.5046283831438,782.0147712027706,904.994485563517,913.5120467927297,790.6979568693796,852.1050018310547,TRNDd,1816146.74,853.2600036621094
2020-10-29,802.0,814.7000122070312,796.0,811.9000244140625,834927,0.0,0,840.4946661003742,781.413792196632,899.5755400041163,914.1738161814985,786.4661923634233,850.3200042724609,TRNDd,1789284.0,844.4300048828125
2020-10-30,810.9500122070312,817.0,796.5,799.75,781982,0.0,0,836.6142217098622,779.3414351964943,893.8870082232302,915.7966481833499,780.9283579201657,848.3625030517578,TRNDd,1770066.1,836.4450073242188
2020-11-02,799.0,814.5999755859375,793.2000122070312,807.0499877929688,887924,0.0,0,833.7985803844439,777.9730798466315,889.6240809222562,916.2250234135447,776.6199839106741,846.4225036621094,TRNDd,1754334.08,828.8300048828125
2020-11-03,811.0,819.4000244140625,805.0,813.6500244140625,684155,0.0,0,831.8796702920266,778.756714925183,885.0026256588702,916.2395244579657,773.755482866253,844.9975036621094,TRNDd,1732576.72,820.3650085449219
2020-11-04,815.0,824.7999877929688,810.2999877929688,820.2000122070312,864460,0.0,0,830.7673219029795,780.0566620728201,881.4779817331388,915.8917246805047,771.7732838644172,843.8325042724609,TRNDd,1727511.36,812.8550109863281
2020-11-05,825.0,843.6500244140625,825.0,827.0999755859375,1030075,0.0,0,830.4180508251659,780.0884545366163,880.7476471137155,915.2244487723027,770.4205585519161,842.8225036621094,TRNDd,1729590.32,810.3750061035156
2020-11-06,829.9500122070312,855.0,827.5,847.5,1627683,0.0,0,832.044903127531,781.1682615850239,882.9215446700382,915.0118351804772,770.3181697023354,842.6650024414063,TRNDd,1733915.54,814.4000061035156
2020-11-09,853.0,863.9500122070312,834.0499877929688,840.4500122070312,1458095,0.0,0,832.845389706531,781.0764074354621,884.6143719776,914.7792931046316,770.0907142195871,842.4350036621094,TRND,1716906.72,819.0500061035157
2020-11-10,848.7999877929688,860.0,836.5499877929688,839.7000122070312,1198077,0.0,0,833.4982108970548,782.2161244116866,884.7802973824231,913.6697986923812,769.5352122939469,841.602505493164,TRND,1672997.4,821.6000061035156
2020-11-11,840.0,842.0,801.0999755859375,805.75,2926323,0.0,0,830.8555241449544,776.5216414253105,885.1894068645984,907.0328820713672,767.5321264735547,837.282504272461,TRND,1702384.74,821.3050048828125
2020-11-12,807.9500122070312,809.0,780.25,781.1500244140625,3771352,0.0,0,826.1216670277266,771.4711725800471,880.7721614754062,898.8713604009424,763.7886493646827,831.3300048828125,TRNDd,1760529.9,818.2300048828125
2020-11-13,782.9000244140625,787.9000244140625,770.1500244140625,774.0499877929688,3057925,0.0,0,821.1624594815592,768.4270144786476,873.8979044844707,894.1746660814915,757.9303449048366,826.0525054931641,TRNDd,1797647.58,815.6600036621094
2020-11-17,795.0,795.0,780.2999877929688,782.9500122070312,1312729,0.0,0,817.5231787887469,765.8712758447202,869.1750817327736,886.2973852980242,755.7826256883038,821.040005493164,TRNDd,1805991.32,813.2500061035156
2020-11-18,784.4000244140625,818.5,779.5999755859375,814.3499755859375,3183192,0.0,0,817.220968959908,762.9542514274715,871.4876864923444,871.6437813327168,762.0412284329082,816.8425048828125,TRNDd,1852929.36,813.3200012207031
2020-11-19,812.0,832.0,801.5,806.8499755859375,2422368,0.0,0,816.2332553052441,761.2932095260513,871.173301084437,853.8180797998916,771.0219287450302,812.4200042724609,SQZE,1870829.42,811.9849975585937
2020-11-20,807.0,814.2000122070312,795.0499877929688,806.9000244140625,1286646,0.0,0,815.3443761727507,762.0683300886647,868.6204222568367,847.4246723668892,772.9153361780326,810.1700042724609,SQZE,1880528.54,809.9650024414062
2020-11-23,810.0,821.0499877929688,806.4500122070312,815.0499877929688,1412782,0.0,0,815.3163391842,764.447902591335,866.184775777065,847.8475278434245,773.2724794807942,810.5600036621094,SQZE,1882052.18,806.7200012207031
2020-11-24,819.0,819.0,805.0,806.0499877929688,761690,0.0,0,814.4338295278924,765.8522365943139,863.0154224614708,847.7407464650182,774.5892584177943,811.1650024414063,SQZE,1842847.5,803.2799987792969
2020-11-25,811.9500122070312,818.0,804.0499877929688,806.0999755859375,960946,0.0,0,813.640129152468,767.1266930708412,860.1535652340949,847.3717144121116,774.1482868085915,810.7600006103515,SQZE,1815932.16,799.9199951171875
2020-11-26,809.0,815.7000122070312,806.4500122070312,809.25,731624,0.0,0,813.2220216141377,769.4399218164548,857.0041214118206,847.3938091906376,774.1811908093624,810.7875,SQZE,1809571.14,800.2699951171875
2020-11-27,814.0,814.5999755859375,792.0,799.2999877929688,1016666,0.0,0,811.8961136311692,767.9722286960671,855.8199985662714,847.0977107909509,773.2172855469396,810.1574981689453,SQZE,1808251.72,802.0849914550781
2020-12-01,800.0499877929688,807.0,796.9500122070312,799.9500122070312,951069,0.0,0,810.7583896860132,769.2168956858275,852.2998836861989,847.0965423468654,773.2384552117285,810.1674987792969,SQZE,1813147.04,804.6749938964844
2020-12-02,803.7000122070312,805.0,795.0,796.9500122070312,832610,0.0,0,809.4433061165863,770.0559615164192,848.8306507167534,847.0219804441207,772.3030195558794,809.6625,SQZE,1667273.62,806.0749938964843
2020-12-03,800.9500122070312,841.8499755859375,798.0,838.6500244140625,4820372,0.0,0,812.2248983353936,767.796295519462,856.6535011513253,850.3378221064238,771.4871778935762,810.9125,SQZE,1734397.2,808.5049987792969
2020-12-04,849.0,861.0,840.25,858.8499755859375,3230931,0.0,0,816.6653818830644,772.2096442315384,861.1211195345903,857.3620349415639,768.3279613963266,812.8449981689453,TRNDu,1771791.76,813.7049987792968
2020-12-07,855.0,864.0,844.1500244140625,846.9000244140625,1040877,0.0,0,819.5448716479212,775.5647126443604,863.5250306514821,860.409180473856,767.2608207468471,813.8350006103516,TRNDu,1771573.02,817.7049987792968
2020-12-08,845.8499755859375,859.2999877929688,841.0999755859375,855.6500244140625,1475632,0.0,0,822.983457625649,779.7613120810379,866.20560317026,862.1123546336124,766.372649028497,814.2425018310547,TRNDu,1777863.36,821.7650024414063
2020-12-09,857.0,862.0,841.0,845.5999755859375,707807,0.0,0,825.137411717105,782.0374807269551,868.2373427072549,862.9824617583179,766.0175382416821,814.5,TRNDu,1776780.56,825.7200012207031
2020-12-10,844.5,844.5,827.1500244140625,831.75,634969,0.0,0,825.7671820297617,783.2872539042518,868.2471101552716,861.8771940318848,766.3278047474121,814.1024993896484,TRNDu,1768368.34,828.2850036621094
2020-12-11,834.5,844.9000244140625,818.2999877929688,823.2000122070312,857936,0.0,0,825.5226896656922,781.9707470285144,869.0746323028699,862.7450378645481,767.204962135452,814.975,SQZE,1759068.34,829.6800048828125
2020-12-14,827.0,835.0,812.0499877929688,814.9000244140625,953777,0.0,0,824.511007260775,780.7242564459088,868.2977580756412,861.848352013326,771.476647986674,816.6625,SQZE,1762214.88,831.2400085449219
2020-12-15,821.0,834.5,814.0,820.8499755859375,1517601,0.0,0,824.1623375774572,780.6542618440776,867.6704133108367,859.7480584683219,778.2569403109749,819.0024993896484,SQZE,1777643.04,833.3300048828125
2020-12-16,825.0,832.5,821.0999755859375,827.2000122070312,825128,0.0,0,824.4516399231309,782.9643668802768,865.938912965985,858.5526939690058,783.8773048102912,821.2149993896485,SQZE,1776852.98,836.3550048828125
2020-12-17,829.0,842.5,824.1500244140625,840.2999877929688,1461961,0.0,0,825.961006386925,784.9524655311687,866.9695472426812,860.6017511251114,784.4232488748887,822.5125,TRNDu,1790159.5,836.5200012207031
2020-12-18,844.5499877929688,850.0,834.0999755859375,840.3499755859375,867946,0.0,0,827.3313844058786,787.2436927528855,867.4190760588716,862.320697140069,786.054302859931,824.1875,TRNDu,1790837.4,834.6700012207032
2020-12-21,835.0,846.0999755859375,799.0,813.7000122070312,1499314,0.0,0,826.0331584821788,780.5342408772975,871.5320760870601,862.156005118659,786.898993660638,824.5274993896485,SQZE,1805283.14,831.35
2020-12-22,815.0,827.3499755859375,800.0,822.2999877929688,1304570,0.0,0,825.6776184165398,779.2585974549592,872.0966393781204,862.2852736200617,787.4947251592351,824.8899993896484,SQZE,1813364.52,828.0149963378906
2020-12-23,828.0,840.5,820.0,829.4000244140625,951485,0.0,0,826.0321332734467,780.155014408024,871.9092521388693,862.4722393141909,789.6427631272153,826.0575012207031,SQZE,1818940.62,826.3950012207031
2020-12-24,832.0,839.4000244140625,830.5,835.2000122070312,664515,0.0,0,826.9052646004548,783.6158576215744,870.1946715793351,862.9331406044388,792.0918654990768,827.5125030517578,SQZE,1804887.28,826.7400024414062
2020-12-28,840.0,844.2000122070312,837.2999877929688,840.0,469675,0.0,0,828.1523822575543,787.391915976562,868.9128485385467,863.8300210520663,794.2699850514493,829.0500030517578,SQZE,1707362.82,828.4200012207032
2020-12-29,850.0,859.8499755859375,836.7999877929688,840.7000122070312,1172099,0.0,0,829.347394633695,788.0529774222082,870.6418118451818,863.4099700973252,798.8300384475967,831.120004272461,SQZE,1654821.96,831.0
2020-12-30,846.0,853.5,841.1500244140625,850.8499755859375,906380,0.0,0,831.3952594862895,791.6702864373576,871.1202325352215,863.6695771390338,803.6604277437788,833.6650024414063,SQZE,1641584.98,834.0
2020-12-31,850.0,854.9500122070312,832.0,851.0499877929688,673598,0.0,0,833.2671383726399,792.924660187195,873.6096165580849,862.0965608576676,810.6434415837386,836.3700012207031,SQZE,1637151.76,836.3849975585938
2021-01-01,851.2000122070312,855.0,843.0,852.8499755859375,470271,0.0,0,835.1321704881921,796.4239401212916,873.8404008550925,863.7842623805416,810.3757351780521,837.0799987792968,SQZE,1620858.58,837.6399963378906
2021-01-04,853.7999877929688,897.0,853.7999877929688,888.25,2897219,0.0,0,840.1910113940785,796.5235991810556,883.8584236071014,872.2154349011313,804.8845650988686,838.55,SQZE,1659586.92,842.4299987792969
2021-01-05,890.0,918.0,883.9500122070312,913.8499755859375,3867519,0.0,0,847.2061508409222,801.0954822906078,893.3168193912365,888.8933615315929,794.9016335855946,841.8974975585937,TRNDu,1688412.16,852.4449951171875
2021-01-06,918.2000122070312,975.0,918.2000122070312,969.0,7456425,0.0,0,858.8055650465487,805.0759584684533,912.5351716246441,920.1825691925848,774.9474234831965,847.5649963378906,TRNDu,1598757.34,867.1149963378906
2021-01-07,985.2000122070312,1002.0499877929688,956.3499755859375,977.5,3734212,0.0,0,870.1097969468774,812.6131485851853,927.6064453085695,946.2207628005028,762.0992323166847,854.1599975585938,TRNDu,1629251.54,881.9249938964844
2021-01-08,980.0,989.0,958.0,965.1500244140625,1525747,0.0,0,879.1612471818474,821.2142636563245,937.1082307073704,964.0799113504439,757.5800862081497,860.8299987792968,TRNDu,1623161.4,894.9199951171875
2021-01-11,968.4500122070312,970.4500122070312,941.1500244140625,964.9000244140625,1639562,0.0,0,887.326845013487,829.3145622819226,945.3391277450513,979.0125528307265,756.8174459485704,867.9149993896484,TRNDu,1632456.56,907.4099975585938
2021-01-12,965.0999755859375,979.0,952.0,961.75,1026418,0.0,0,894.414764536012,836.803710077604,952.0258189944199,990.69536535677,759.8196309811206,875.2574981689453,TRNDu,1636286.38,919.5149963378906
2021-01-13,963.0,979.0,962.9000244140625,974.0,1300730,0.0,0,901.9943107706774,846.6943617581103,957.2942597832446,1003.120375774986,762.7096230043109,882.9149993896484,TRNDu,1646661.34,931.8299987792968
2021-01-14,973.0,973.4000244140625,950.1500244140625,960.2000122070312,599023,0.0,0,907.5377109074731,852.9977616789752,962.077660135971,1011.4100041860104,767.7199945932864,889.5649993896484,TRNDu,1640883.32,942.7450012207031
2021-01-15,960.0,972.9000244140625,951.7999877929688,955.4500122070312,803504,0.0,0,912.1007872217167,858.7948255918498,965.4067488515836,1018.1897811282545,772.4552200924486,895.3225006103515,TRNDu,1643270.3,953.0050048828125
2021-01-18,957.0,964.9500122070312,942.0,960.4500122070312,815585,0.0,0,916.7054753155562,864.1401074072697,969.2708432238427,1024.5997673096415,778.0552375731711,901.3275024414063,TRNDu,1642292.8,960.2250061035156
2021-01-19,965.0,974.5499877929688,957.4000244140625,967.0499877929688,576221,0.0,0,921.5001907895955,870.7613669963565,972.2390145828346,1028.5318689344947,789.4581335069116,908.9950012207031,TRNDu,1633215.72,965.5450073242188
2021-01-20,969.0,1006.0,962.4000244140625,998.6500244140625,3130168,0.0,0,928.8477939919258,874.4628574608231,983.2327305230284,1036.4820819453196,799.1429241581961,917.8125030517579,TRNDu,1663265.42,968.510009765625
2021-01-21,1010.0,1019.0,970.7000122070312,979.6500244140625,2160359,0.0,0,933.686101651177,875.0796612145908,992.2925420877631,1039.5972256767238,811.0527804267916,925.3250030517578,TRNDu,1677310.7,968.7250122070312
2021-01-22,1011.0,1040.0,978.9500122070312,1032.75,5778738,0.0,0,943.1207586367792,878.1649646852579,1008.0765525883005,1050.7507784380364,819.6542264447762,935.2025024414063,TRNDu,1768923.92,975.485009765625
2021-01-25,1034.4000244140625,1037.4000244140625,993.3499755859375,1021.5,2143108,0.0,0,950.5854482904192,883.315223968425,1017.8556726124134,1056.9661438767673,831.5888610060452,944.2775024414062,TRNDu,1753259.62,981.1450073242188
2021-01-27,1008.8499755859375,1012.9500122070312,950.0,970.0,2217110,0.0,0,952.4344532151413,877.5912513253465,1027.277655104936,1053.3008516597972,848.1841520023122,950.7425018310547,TRNDu,1722174.78,981.9700073242187
2021-01-28,952.0,991.8499755859375,952.0,970.5,1206307,0.0,0,954.1549814803659,878.8261046623632,1029.4838582983687,1048.689247315628,864.7607587878875,956.7250030517578,TRND,1685142.42,981.6200073242187
2021-01-29,980.0,1011.0,976.0999755859375,986.0499877929688,1720621,0.0,0,957.1926011291853,881.2966119929828,1033.0885902653877,1042.3021646082302,884.6478414952853,963.4750030517578,TRND,1693300.26,984.2050048828125
2021-02-01,986.0499877929688,1020.0,974.6500244140625,1006.5,841438,0.0,0,961.8885438787867,884.5121585390169,1039.2649292185565,1033.6097967135106,908.7052118314114,971.157504272461,SQZE,1646465.18,989.3100036621094
2021-02-02,1020.0,1033.0,1001.0,1008.75,817924,0.0,0,966.3515396998546,890.3127928940618,1042.3902865056473,1028.7867155851995,925.5782929597223,977.182504272461,SQZE,1614376.3,994.1400024414063
2021-02-03,1010.9500122070312,1018.5,990.0,995.4500122070312,816467,0.0,0,969.1228227957762,894.9879506705627,1043.2576949209897,1024.4012067875444,938.1238054194869,981.2625061035156,SQZE,1604972.72,996.9800048828125
2021-02-04,998.4500122070312,998.4500122070312,982.6500244140625,989.1500244140625,852024,0.0,0,971.0301753308511,901.1487928595652,1040.911557802137,1025.156555794566,939.3834588538715,982.2700073242188,SQZE,1593757.56,996.0300048828125
2021-02-05,993.9500122070312,1015.2000122070312,976.0,981.4500122070312,1746296,0.0,0,972.0225407476302,901.2892940820666,1042.7557874131937,1025.3007181593352,939.6342977098053,982.4675079345703,SQZE,1613449.68,996.2100036621093
2021-02-08,990.75,995.0,978.0999755859375,983.6500244140625,813768,0.0,0,973.1299201444332,906.0899932626135,1040.169847026253,1025.4824357095993,941.3025801595413,983.3925079345703,SQZE,1610506.12,991.3000061035157
2021-02-09,985.0,1031.75,985.0,1014.7000122070312,2273388,0.0,0,977.0889765313473,907.133047220522,1047.0449058421725,1029.17683960534,942.5881750430973,985.8825073242188,SQZE,1641341.4,990.6200073242187
2021-02-10,1000.0,1031.0,998.9500122070312,1024.3499755859375,1022092,0.0,0,981.5900240603559,912.2196901220194,1050.9603579986924,1033.8977517770902,944.1272604299411,989.0125061035156,SQZE,1641449.92,996.0550048828125
2021-02-11,1025.0,1029.5,1010.0,1024.199951171875,633576,0.0,0,985.6481123566911,919.3148118121883,1051.9814129011938,1038.3417424255356,944.7032648986832,991.5225036621093,SQZE,1635100.06,1001.425
2021-02-12,1026.0,1049.0,1011.0,1020.9000244140625,1294689,0.0,0,989.0054373145359,921.7054668244834,1056.3054078045884,1040.726587591095,948.3884209538269,994.557504272461,SQZE,1644341.64,1004.9100036621094
2021-02-15,1030.0,1030.0,1014.2999877929688,1019.5,977902,0.0,0,991.9096813798182,928.1997054973647,1055.6196572622716,1041.4533289717529,954.0666783524659,997.7600036621094,SQZE,1567492.24,1006.2100036621093
2021-02-16,1029.550048828125,1037.0,1015.0,1019.3499755859375,953363,0.0,0,994.5230427327818,932.7840644385736,1056.26202102699,1041.8052804774668,959.6047231846426,1000.7050018310547,SQZE,1521940.88,1007.2700012207031
2021-02-17,1015.0,1028.0,1011.0999755859375,1024.449951171875,555021,0.0,0,997.373224488886,938.4281391412861,1056.318309836486,1042.8499013584071,964.300098641593,1003.575,SQZE,1512223.76,1010.1699951171875
2021-02-18,1024.0,1078.300048828125,1021.0,1063.75,1811931,0.0,0,1003.6948221566112,939.1842355781463,1068.205408735076,1053.9414926698041,959.7185048887895,1006.8299987792968,SQZE,1518949.74,1017.6299926757813
2021-02-19,1073.0,1095.25,1000.0,1025.9000244140625,2248224,0.0,0,1005.8096033239874,928.700075403369,1082.9191312446058,1055.219447526349,963.0655500322446,1009.1424987792968,SQZE,1549758.08,1022.0749938964843
2021-02-22,1032.4000244140625,1043.550048828125,1013.0,1019.3499755859375,991489,0.0,0,1007.0991625870303,931.5905776928487,1082.6077474812118,1053.5354012940393,963.4095938231483,1008.4724975585938,SQZE,1556888.48,1025.6449890136719
2021-02-23,1024.4000244140625,1034.6500244140625,1012.0,1029.300048828125,1043507,0.0,0,1009.2135327052298,936.7258014176539,1081.7012639928057,1054.50098266384,963.2240173361598,1008.8625,SQZE,1560599.9,1027.1049926757812
2021-02-24,1038.0,1048.75,1014.75,1040.0999755859375,432512,0.0,0,1012.1550986938686,940.1161405350502,1084.1940568526868,1056.2631503752416,968.4718471833521,1012.3674987792969,SQZE,1550174.6,1028.6799926757812
2021-02-25,1045.0,1137.449951171875,1041.75,1110.25,3029314,0.0,0,1021.4974702468335,937.1924127867095,1105.8025277069573,1076.7757870207508,961.9342105378429,1019.3549987792969,SQZE,1580408.86,1037.2849975585937
2021-02-26,1090.0999755859375,1111.699951171875,1061.75,1068.5999755859375,2127009,0.0,0,1025.983423136272,940.1188811877854,1111.8479650847585,1082.5770894121476,964.3879069257431,1023.4824981689453,SQZE,1606446.48,1042.0549926757812
2021-03-01,1078.25,1110.699951171875,1076.0,1098.3499755859375,1205339,0.0,0,1032.875475750526,947.1773928797006,1118.5735586213514,1094.9416801334796,961.2083137630046,1028.0749969482422,SQZE,1601314.04,1049.939990234375
2021-03-02,1127.0,1139.0,1090.050048828125,1108.1500244140625,1678897,0.0,0,1040.0444803851485,953.1262155670306,1126.9627452032664,1107.7448012140687,958.3451951238219,1033.0449981689453,SQZE,1617533.06,1058.8199951171875
2021-03-03,1103.0,1118.0,1086.0,1096.4000244140625,1329683,0.0,0,1045.4116750545688,960.7852367182627,1130.038113390875,1115.5408480292508,960.6441495293429,1038.0924987792969,TRNDu,1614140.44,1066.0150024414063
2021-03-04,1090.0,1094.6500244140625,1081.300048828125,1086.4000244140625,1027668,0.0,0,1049.3153273745206,970.1315377546576,1128.4991169943837,1119.7099427486285,966.2000548099652,1042.9549987792968,TRNDu,1608602.4,1068.2800048828126
2021-03-05,1093.0,1102.0,1046.699951171875,1058.449951171875,1431598,0.0,0,1050.1852915456973,967.8598711221956,1132.510711969199,1118.3834670230908,975.2265244319875,1046.804995727539,SQZE,1618204.66,1071.5349975585937
2021-03-08,1068.25,1078.1500244140625,1058.0,1066.699951171875,711820,0.0,0,1051.758116272,973.635233008036,1129.880999535964,1116.8054716833994,985.10951244746,1050.9574920654297,SQZE,1619150.76,1076.2699951171876
2021-03-09,1077.0,1089.6500244140625,1050.0,1055.25,785553,0.0,0,1052.0906766270477,973.8500768066676,1130.3312764474279,1116.7052987393788,989.2646841707776,1052.9849914550782,SQZE,1625468.32,1078.864990234375
2021-03-10,1061.800048828125,1065.4000244140625,1022.0999755859375,1027.3499755859375,1409421,0.0,0,1049.7344193850372,970.6578697810701,1128.8109689890043,1116.5985679487073,989.6714149614489,1053.134991455078,SQZE,1630214.76,1077.589990234375
2021-03-12,1038.0,1055.0,1012.0,1015.0999755859375,1020608,0.0,0,1046.4359009279801,966.6670062844097,1126.2047955715504,1117.0902606538073,988.2697246977554,1052.6799926757812,SQZE,1632499.32,1068.0749877929688
2021-03-15,1030.0,1037.8499755859375,1010.0,1016.2000122070312,1138505,0.0,0,1043.556292478366,966.1942921819651,1120.9182927747668,1117.3497394904875,987.5402446403718,1052.4449920654297,SQZE,1641797.46,1062.8349914550781
2021-03-16,1023.5,1034.800048828125,1013.0499877929688,1022.0999755859375,635668,0.0,0,1041.512833726706,967.537021252914,1115.4886462004981,1117.225189175203,987.9247925142498,1052.5749908447265,TRNDd,1645105.4,1055.2099914550781
2021-03-17,1003.7999877929688,1006.0,970.0,978.2999877929688,23676553,0.0,0,1035.4925626853978,958.4943363417975,1112.4907890289983,1121.5532736348507,979.4917092753055,1050.5224914550781,TRNDd,2060692.08,1042.2249877929687
2021-03-18,985.0,1009.0,983.5,1000.4000244140625,2886658,0.0,0,1032.150416183366,956.7120100327194,1107.5888223340125,1122.8460782196582,975.7939120147169,1049.3199951171875,TRNDd,2041074.86,1032.6249877929688
2021-03-19,994.0,1012.0,975.0999755859375,991.25,1695099,0.0,0,1028.2551384516166,952.9805680332222,1103.529708870011,1123.0661929545602,968.3237972798148,1045.6949951171875,TRNDd,1925848.34,1023.1099853515625
2021-03-22,991.25,991.25,966.25,973.0999755859375,3355126,0.0,0,1023.0022657977424,950.2551524211875,1095.7493791742975,1126.3260140598638,959.7839712916987,1043.0549926757812,TRNDd,1918266.62,1014.5749877929687
2021-03-23,975.5,983.0999755859375,951.7999877929688,956.3499755859375,1746087,0.0,0,1016.6544286347134,944.9220290372202,1088.3868282322067,1130.9299311982124,948.8800541533499,1039.9049926757812,TRNDd,1922673.42,1003.539990234375
2021-03-24,956.0,956.3499755859375,913.0999755859375,921.75,2963569,0.0,0,1007.6159116218837,934.4067519841398,1080.8250712596275,1139.1195396216178,929.935440847132,1034.527490234375,TRNDd,1949153.56,990.189990234375
2021-03-25,923.0,945.0,906.3499755859375,924.2999877929688,4206774,0.0,0,999.6810617334156,926.0628131766337,1073.2993102901976,1143.755795316625,913.7191863728284,1028.7374908447266,TRNDd,2012760.68,979.8849914550781
2021-03-26,934.0,949.75,926.0,946.5,2282054,0.0,0,994.6161987111856,923.2697725686755,1065.9626248536956,1134.5009140043037,906.5990676851495,1020.5499908447266,TRNDd,2032387.16,973.0249938964844
2021-03-30,950.5999755859375,954.9500122070312,933.0999755859375,940.7000122070312,1365204,0.0,0,989.4813238060281,920.8995329535503,1058.0631146585058,1130.9225930346074,897.3873923169551,1014.1549926757813,TRNDd,2047710.78,965.4749938964844
2021-03-31,941.0999755859375,942.75,922.4000244140625,928.25,1892366,0.0,0,983.649769157835,917.8561622734175,1049.4433760422526,1121.4235098683682,889.8764779246005,1005.6499938964844,TRNDd,2069488.02,956.0899963378906
2021-04-01,935.0,985.0,935.0,974.2999877929688,2082857,0.0,0,982.7593137897525,912.1950675937767,1053.3235599857283,1105.3513922795612,892.5635918512983,998.9574920654297,TRNDd,2094833.46,955.6899963378906
2021-04-05,979.0,979.0,912.2000122070312,941.3499755859375,2167884,0.0,0,978.815567294151,901.9477481591791,1055.683386429123,1090.421785557185,891.988193690862,991.2049896240235,TRNDd,2126666.72,949.7849914550782
2021-04-06,948.4000244140625,959.5499877929688,933.4000244140625,950.9000244140625,1081257,0.0,0,976.156944162714,901.745914265458,1050.56797405997,1074.8338015437787,894.0261777042682,984.4299896240234,TRNDd,2085688.5,945.7499938964844
2021-04-07,946.0,982.7999877929688,935.75,976.2999877929688,2600202,0.0,0,976.1705673655954,899.7906428994712,1052.5504918317195,1064.1245886199845,896.5203942901717,980.3224914550781,TRNDd,2094485.36,946.0699951171875
2021-04-08,977.9000244140625,978.0,953.2999877929688,956.5999755859375,1244924,0.0,0,974.3067014818184,900.6247670209004,1047.9886359427364,1049.1270471449282,900.5079382066344,974.8174926757813,TRND,2003809.08,946.0949951171875
2021-04-09,956.0,979.6500244140625,947.2000122070312,963.9500122070312,1979210,0.0,0,973.320350122315,900.5166066660826,1046.1240935785474,1034.8148336026732,905.6901529695924,970.2524932861328,SQZE,2000531.12,950.3149963378906
2021-04-12,931.0,944.8499755859375,885.0,890.4500122070312,2550147,0.0,0,965.4279369875261,884.1145654355107,1046.7413085395415,1031.249535827193,895.565454407182,963.4074951171875,SQZE,2007191.86,946.9299987792969
2021-04-13,897.7999877929688,916.9000244140625,883.0,898.0,1682969,0.0,0,959.0062287029998,879.0441894233734,1038.9682679826262,1026.7379284820518,888.3670641937294,957.5524963378906,SQZE,2016725.1,942.0799987792968
2021-04-15,900.5,909.7999877929688,883.3499755859375,905.5499877929688,1874017,0.0,0,953.9151581401396,876.6593203470696,1031.1709959332097,1019.2296350315235,884.8103552028515,952.0199951171875,SQZE,2019793.02,938.5649963378906
2021-04-16,915.7999877929688,981.4000244140625,915.0,973.7000122070312,5938047,0.0,0,955.799429956034,871.0991686180523,1040.4996912940157,1009.6455965252887,889.5543973711956,949.5999969482422,SQZE,2121725.2,943.1099975585937
2021-04-19,935.0499877929688,948.0,922.2000122070312,943.1500244140625,2111834,0.0,0,954.5947246663225,868.0644894621389,1041.124959870506,1006.465884586946,889.2191129716477,947.8424987792969,SQZE,2147603.4,939.9950012207031
2021-04-20,955.0,989.0,952.75,964.7999877929688,1898536,0.0,0,955.5666544879078,868.5194476869551,1042.6138612888606,1000.1834755428517,891.9415183536325,946.0624969482421,SQZE,2169244.78,942.3400024414062
2021-04-22,959.5999755859375,959.5999755859375,940.2000122070312,944.0999755859375,1559209,0.0,0,954.4745898305773,871.2121085925323,1037.7370710686223,993.6973680219671,893.712623433111,943.7049957275391,SQZE,2183388.48,941.6599975585938
2021-04-23,944.0499877929688,954.7999877929688,932.25,937.4000244140625,943020,0.0,0,952.8484407432902,873.402210070456,1032.2946714161244,990.103293894389,893.7367024435016,941.9199981689453,SQZE,2167322.96,937.7700012207031
2021-04-26,963.7999877929688,971.9000244140625,911.0,919.3499755859375,2745958,0.0,0,949.6581107283042,865.976498239941,1033.3397232166676,988.7339100667169,891.4060862711736,940.0699981689453,SQZE,2205966.76,934.0450012207032
2021-04-27,920.0,964.0,910.0,954.6500244140625,5280436,0.0,0,950.1335310793288,864.0200798398018,1036.2469823188558,990.0134794030946,893.4165193762024,941.7149993896485,SQZE,2266107.72,933.1150024414062
2021-04-28,963.5,1002.0,953.0,993.25,3785596,0.0,0,954.239861452726,866.9377553371518,1041.5419675683004,997.6574222456331,892.6675777543669,945.1625,SQZE,2321377.8,943.3950012207031
2021-04-29,998.0,1016.0,975.9500122070312,990.0499877929688,2028504,0.0,0,957.6503496756063,871.0684566129958,1044.2322427382169,1003.3700839695434,891.3099148097535,947.3399993896485,SQZE,2349276.36,952.6
2021-04-30,973.0,1005.8499755859375,972.1500244140625,984.2000122070312,1842192,0.0,0,960.1788889643134,875.5151949735889,1044.8425829550379,1007.6816745658406,891.3483242134563,949.5149993896484,SQZE,2360226.42,960.4650024414062
2021-05-03,972.0,984.7999877929688,962.75,977.2999877929688,1155386,0.0,0,961.8094698051377,881.2021476548919,1042.4167919553836,1010.4761662084388,893.4588313501549,951.9674987792969,SQZE,2363776.1,960.825
2021-05-04,992.0,994.4500122070312,948.5,955.75,1292324,0.0,0,961.2323774427437,879.4957850661161,1042.968969819371,1008.6849175858824,893.3950811934144,951.0399993896484,SQZE,2370555.32,962.0849975585937
2021-05-05,960.0,975.0,946.0,964.9000244140625,1230133,0.0,0,961.5816771542978,882.2187440153331,1040.9446102932625,1009.9845451371183,894.4504585249912,952.2175018310547,SQZE,2384057.56,962.0950012207031
2021-05-06,970.7000122070312,989.7000122070312,970.0,975.4500122070312,1399816,0.0,0,962.9024709688439,886.5158335851819,1039.289108352506,1012.0846382561026,894.8053641853037,953.4450012207031,SQZE,2375815.26,965.2300048828125
2021-05-07,980.0999755859375,987.6500244140625,972.9500122070312,981.9500122070312,917653,0.0,0,964.7165225153379,893.0285464286359,1036.40449860204,1012.8572314438891,894.5977734389235,953.7275024414063,SQZE,2349203.84,969.6850036621094
2021-05-10,985.9000244140625,989.7000122070312,971.1500244140625,977.2000122070312,845230,0.0,0,965.9054262954992,897.6762502588736,1034.1346023321248,1014.7626937094205,894.7523148355012,954.7575042724609,TRNDu,2346278.66,975.4700073242187
2021-05-11,975.0,983.8499755859375,965.0,970.7000122070312,1155490,0.0,0,966.3620535251689,901.1857999750183,1031.5383070753194,1015.3784962564922,894.8115122884298,955.095004272461,TRNDu,2348518.32,977.0750061035156
2021-05-12,983.0,991.9000244140625,967.4000244140625,974.5499877929688,2438744,0.0,0,967.1418567887689,903.5832285936334,1030.7004849839045,1012.2459719614112,906.3540341421044,959.3000030517578,SQZE,2388642.96,975.2050048828125
2021-05-14,979.9000244140625,983.7000122070312,962.1500244140625,969.8499755859375,1713488,0.0,0,967.3997728646898,905.887009930474,1028.9125357989055,1007.8633117318146,917.9216919302947,962.8925018310547,SQZE,2362326.44,973.1850036621094
2021-05-17,978.0,987.9500122070312,975.0,980.3499755859375,1734108,0.0,0,968.6331255048086,909.6516315397957,1027.6146194698215,1003.642543859572,929.6224585818343,966.6325012207031,SQZE,2354468.42,972.8
2021-05-18,989.0,1009.0,988.2999877929688,992.0499877929688,2540162,0.0,0,970.8633028655858,912.0499534142616,1029.67665231691,1006.0934277473182,929.0065722526817,967.55,SQZE,2381164.88,974.275
2021-05-19,995.2999877929688,1018.0,993.0,1011.8499755859375,2265642,0.0,0,974.7667955056193,916.6447785580214,1032.8888124532173,1012.359202025467,929.6107930917204,970.9849975585937,SQZE,2392899.78,979.8849975585938
2021-05-20,1019.0,1047.050048828125,1011.1500244140625,1035.300048828125,3116575,0.0,0,980.5318672506198,921.0420471149691,1040.0216873862705,1024.3272316053333,924.6927696153699,974.5100006103515,SQZE,2428637.62,986.925
2021-05-21,1047.5999755859375,1076.550048828125,1045.6500244140625,1064.199951171875,3433549,0.0,0,988.5002561955013,926.7094180734157,1050.2910943175868,1041.8454158614006,919.1845829178964,980.5149993896484,TRNDu,2476755.24,995.7999938964844
2021-05-24,1070.0,1099.9000244140625,1067.050048828125,1090.5999755859375,3018184,0.0,0,998.2240389945905,935.472270036276,1060.9758079529051,1062.8655446608302,913.4844492356543,988.1749969482422,TRNDu,2508486.96,1006.664990234375
2021-05-25,1102.9000244140625,1103.300048828125,1022.0,1036.75,2593937,0.0,0,1001.8931781379628,929.1565763098547,1074.6297799660708,1064.51044879174,923.5795475461508,994.0449981689453,TRNDu,2546129.3,1012.6199890136719
2021-05-26,1046.0999755859375,1050.0,1016.5499877929688,1025.0999755859375,1935012,0.0,0,1004.1033493234842,931.9504052367806,1076.2562934101877,1066.8368057307193,928.2981857243586,997.567495727539,TRNDu,2569118.48,1018.0599853515625
2021-05-27,1033.0,1098.449951171875,1015.25,1051.0,22224051,0.0,0,1008.5696970069619,926.9920570945537,1090.14733691937,1073.4766708111097,927.4333206439684,1000.4549957275391,SQZE,2985411.08,1025.7049865722656
2021-05-28,1067.5,1076.0,1042.199951171875,1047.199951171875,1327816,0.0,0,1012.2487688321917,932.0688831453994,1092.428654518984,1078.9092476809121,927.7157401120568,1003.3124938964844,TRNDu,2991555.24,1033.4399841308593
2021-05-31,1049.0,1057.0,1037.0,1045.0,777506,0.0,0,1015.3679337053163,939.2060365872032,1091.5298308234294,1083.5043891756527,929.2005973966128,1006.3524932861328,TRNDu,2984335.26,1039.9049865722657
2021-06-01,1048.0,1063.949951171875,1038.9000244140625,1045.949951171875,867751,0.0,0,1018.2805067973695,944.7248140395052,1091.8361995552339,1087.5671808286402,932.0028020815162,1009.7849914550782,TRNDu,2988976.92,1045.2949829101562
2021-06-02,1050.0,1057.699951171875,1043.0,1054.699951171875,668957,0.0,0,1021.7490253092272,952.6089115927743,1090.8891390256802,1090.7040147080907,938.760963319253,1014.7324890136719,TRNDu,2528825.0,1049.57998046875
2021-06-03,1057.0,1062.0,1047.0,1051.3499755859375,546706,0.0,0,1024.5681634308187,959.3420610860111,1089.7942657756262,1093.0039550216045,945.1060181229268,1019.0549865722656,TRNDu,2482025.96,1051.1849731445313
2021-06-04,1052.0,1058.050048828125,1040.0,1049.6500244140625,629772,0.0,0,1026.9569120958895,964.6434102199377,1089.2704139718412,1095.016810874727,950.5131634905074,1022.7649871826172,TRNDu,2460719.42,1049.72998046875
2021-06-07,1050.0,1052.9000244140625,1042.0,1044.300048828125,585437,0.0,0,1028.6086394037213,970.3464828325522,1086.8707959748904,1096.1749501722686,955.590027855075,1025.8824890136718,TRNDu,2405325.64,1045.0999877929687
2021-06-08,1045.0,1070.0,1030.949951171875,1059.4000244140625,845707,0.0,0,1031.541152261849,971.2952015821718,1091.7871029415262,1097.9935925703871,961.9913866776596,1029.9924896240234,TRNDu,2387318.04,1047.364990234375
2021-06-09,1070.0,1115.0,1066.0,1105.199951171875,3425380,0.0,0,1038.5562759675659,973.2149252386688,1103.8976266964628,1106.5126192460555,966.9223538984758,1036.7174865722657,TRNDu,2396554.26,1055.3749877929688
2021-06-10,1130.0,1139.5,1090.0,1103.75,2290122,0.0,0,1044.765202065893,976.0579864098856,1113.4724177219002,1112.6767397239364,973.6782346412978,1043.1774871826171,TRNDu,2358221.22,1060.6499877929687
2021-06-11,1103.0999755859375,1112.0,1086.0,1094.699951171875,716871,0.0,0,1049.5208924569388,982.4843983665322,1116.5573865473455,1113.683498217911,985.1564737059173,1049.419985961914,SQZE,2326917.56,1065.3999877929687
2021-06-14,1100.0,1103.5,1075.0999755859375,1078.25,646875,0.0,0,1052.2569979372304,986.244148373052,1118.2698475014088,1111.289152686762,997.3408216784725,1054.3149871826172,SQZE,2312550.98,1068.7249877929687
2021-06-15,1086.300048828125,1088.0,1071.9000244140625,1075.050048828125,718204,0.0,0,1054.4277646887442,991.7962049637962,1117.0593244136924,1108.3425198450655,1008.5874606236844,1058.464990234375,SQZE,2289067.74,1071.6349975585938
2021-06-16,1075.0,1084.449951171875,1069.5,1076.9000244140625,487546,0.0,0,1056.5679799006793,997.2095859138511,1115.9263738875077,1107.3116924214323,1016.1232929301299,1061.7174926757812,SQZE,2257161.52,1073.8550048828124
2021-06-17,1074.9000244140625,1074.9000244140625,1047.050048828125,1051.699951171875,644817,0.0,0,1056.1043581169838,996.7118084116508,1115.4969078223166,1106.771359906375,1018.3036156795623,1062.5374877929687,SQZE,2226700.18,1073.8900024414063
2021-06-18,1011.0,1014.9000244140625,981.2999877929688,1005.9000244140625,52608706,0.0,0,1051.32299300242,983.789705591839,1118.8562804130008,1110.2550335821297,1008.9899493280263,1059.622491455078,SQZE,3257249.16,1069.5150024414063
2021-06-21,999.0,1007.9500122070312,989.75,999.4500122070312,1231745,0.0,0,1046.382709117145,981.9627480062159,1110.802670228074,1109.9539330751622,1000.1760534971037,1055.064993286133,SQZE,3229880.02,1065.0299987792969
2021-06-22,1013.0,1013.0,967.1500244140625,975.6500244140625,5732143,0.0,0,1039.6462629549467,972.498302837923,1106.7942230719702,1116.5833891936093,987.4365998200626,1052.009994506836,TRNDd,3319624.4,1056.6549987792969
2021-06-23,970.0,970.0,931.0,933.7000122070312,9934420,0.0,0,1029.5561438360976,960.1929748479638,1098.9193128242314,1129.5423978070835,965.3375948686977,1047.4399963378905,TRNDd,3478728.6,1039.5050048828125
2021-06-24,942.0,985.5,941.0999755859375,971.7999877929688,8126911,0.0,0,1024.0555575462758,951.2687078983618,1096.84240719419,1131.9097721662076,955.0502192888706,1043.479995727539,TRNDd,3590263.88,1026.3100036621095
2021-06-25,975.0,980.0,958.0999755859375,972.3499755859375,3543630,0.0,0,1019.131216407196,949.2430468412608,1089.0193859731312,1133.401409486146,946.0735844103384,1039.737496948242,TRNDd,3627477.1,1014.0750061035156
2021-06-28,977.4500122070312,979.0,954.4000244140625,960.2000122070312,2199710,0.0,0,1013.5187207690851,945.6993730425559,1081.3380684956144,1135.3009125338785,935.694082583309,1035.4974975585938,TRNDd,3633990.96,1002.2700073242188
2021-06-29,965.0,978.0,960.6500244140625,974.7999877929688,3329810,0.0,0,1009.8312223904074,945.2338118779375,1074.4286329028776,1135.0180535470815,928.8619452322151,1031.9399993896484,TRNDd,3581826.22,992.2450012207031
2021-06-30,978.4500122070312,982.0,967.0,970.4000244140625,2733246,0.0,0,1006.0758702021841,944.9382007409611,1067.2135396634071,1133.5921419350877,921.8578641684278,1027.7250030517578,TRNDd,3594254.46,981.5950012207031
2021-07-01,972.0999755859375,984.75,968.0,980.9500122070312,1806696,0.0,0,1003.6829313455029,945.3090288304022,1062.0568338606035,1131.3695588881433,917.0404508774818,1024.2050048828125,TRNDd,3592417.66,974.5200073242188
2021-07-02,984.0,986.4000244140625,969.25,983.7000122070312,1982887,0.0,0,1001.7797961894579,945.8132790430548,1057.746313335861,1128.7935027922144,913.0215057527075,1020.907504272461,TRNDd,3600891.22,972.3000061035157
2021-07-05,986.0,994.4000244140625,978.0,988.3499755859375,1697600,0.0,0,1000.5007656557892,946.8508953412139,1054.1506359703646,1126.325715163845,909.8942860568582,1018.1100006103516,TRNDd,3615982.82,971.1900024414062
2021-07-06,988.0,1001.0,985.5499877929688,997.2999877929688,2271905,0.0,0,1000.195929668854,948.82104394433,1051.570815393378,1121.8587064566136,908.1512911019802,1015.0049987792969,TRNDd,3606501.76,973.3549987792969
2021-07-07,995.0,995.0,982.5,987.1500244140625,1364283,0.0,0,998.953462501731,949.7560677910656,1048.1508572123964,1108.1303319857918,910.0746728970207,1009.1025024414063,TRNDd,3528178.7,978.7
2021-07-08,992.7999877929688,993.9000244140625,972.6500244140625,984.4000244140625,1406822,0.0,0,997.567420779096,949.0397655394971,1046.0950760186947,1092.5468573665578,913.723149957661,1003.1350036621094,TRNDd,3480603.22,979.9600036621093
2021-07-09,982.2999877929688,987.7999877929688,970.0,974.5,1088635,0.0,0,995.3705235620392,948.1356362878065,1042.6054108362719,1076.7313127927534,917.5186994142776,997.1250061035156,TRNDd,3461805.84,980.1750061035157
2021-07-12,982.0,987.0,973.0999755859375,979.2999877929688,1170529,0.0,0,993.8399963459374,948.5485929163154,1039.1313997755594,1062.7929878193268,921.5620231670014,992.1775054931641,TRNDd,3448372.58,982.0850036621093
2021-07-13,984.0,991.5,976.5999755859375,988.7000122070312,997618,0.0,0,993.3504740469939,949.6082060775217,1037.0927420164662,1047.3648770764942,928.3551302477247,987.8600036621094,TRNDd,3445217.22,983.4750061035156
2021-07-14,989.9500122070312,990.0,980.0,986.9500122070312,605238,0.0,0,992.7409062527117,951.3728650801867,1034.1089474252367,1026.6575428472065,940.067463256309,983.3625030517578,SQZE,3431475.5,985.1300048828125
2021-07-15,995.0499877929688,999.0,976.0,978.4500122070312,1679244,0.0,0,991.3798687245517,949.5486316692792,1033.2111057798243,1009.56018167989,949.8398305271413,979.7000061035156,SQZE,3440457.72,984.8800048828125
2021-07-16,983.7000122070312,991.4000244140625,976.0,990.0,705163,0.0,0,991.2484526555468,950.520334422989,1031.9765708881046,1006.7084536014004,951.1015561642246,978.9050048828125,SQZE,3426564.66,985.5100036621094
2021-07-19,981.0,983.7000122070312,971.0,972.6500244140625,957347,0.0,0,989.4771737754054,949.0218673661034,1029.9324801847074,1003.818669201922,951.3113417844062,977.5650054931641,SQZE,3427358.54,983.9400085449219
2021-07-20,980.0,980.0,946.0,964.6500244140625,1471828,0.0,0,987.1126833600395,943.9029075916676,1030.3224591284113,1003.8603174652868,950.1696935210413,977.015005493164,SQZE,3439890.5,980.6750122070313
2021-07-22,970.1500244140625,985.7999877929688,923.9000244140625,942.8499755859375,7557441,0.0,0,982.8971873815535,931.6283965142377,1034.1659782488694,1001.5150842561104,953.4299230681083,977.4725036621094,SQZE,3567929.52,976.2450073242187
2021-07-23,955.0,961.9500122070312,937.0999755859375,956.9000244140625,2255593,0.0,0,980.4212670989353,929.3093479941323,1031.5331862037383,1002.3016229902985,951.1533879960296,976.727505493164,SQZE,3564266.5,973.4950073242187
2021-07-26,970.0,1027.0,970.0,1017.25,8822539,0.0,0,983.9287654704654,923.9080431589551,1043.9494877819757,1009.9314686219641,948.0135448057704,978.9725067138672,SQZE,3706447.52,977.7700073242188
2021-07-27,1021.0,1028.4000244140625,1005.0,1016.4000244140625,1703257,0.0,0,987.0212663222366,928.3226113590648,1045.7199212854082,1015.4953448634137,948.0696697850237,981.7825073242187,SQZE,3705830.5,981.4800109863281
2021-07-28,1026.550048828125,1027.0,990.25,1017.25,2201220,0.0,0,989.9001933391664,929.7214038723118,1050.078982806021,1020.7882408612114,947.0217750079293,983.9050079345703,SQZE,3699051.66,984.335009765625
2021-07-29,1019.0,1025.5999755859375,1010.0499877929688,1017.4500122070312,1104932,0.0,0,992.5239856122964,935.2530775335335,1049.7948936910593,1025.3319542679405,947.183060380497,986.2575073242188,SQZE,3675837.46,987.385009765625
2021-07-30,1024.9000244140625,1040.0,1015.1500244140625,1036.75,2072943,0.0,0,996.7359869825539,940.2221745944798,1053.249799370628,1033.7682008053027,944.3268126224315,989.0475067138672,SQZE,3654964.82,993.2150085449218
2021-08-02,1038.0,1044.449951171875,1029.949951171875,1040.5999755859375,1149473,0.0,0,1000.9135097066857,947.1510785574189,1054.6759408559524,1041.826227871947,941.9587818936782,991.8925048828125,TRNDu,3609283.3,998.2750061035156
2021-08-03,1040.5999755859375,1051.4000244140625,1039.0,1049.0,1086325,0.0,0,1005.4931754489061,954.6269825317536,1056.3593683660586,1050.6595172603334,939.190494946698,994.9250061035157,TRNDu,3570646.12,1005.9100036621094
2021-08-04,1049.0,1053.449951171875,1025.0999755859375,1035.050048828125,1309497,0.0,0,1008.3081157707364,956.8585470281117,1059.7576845133613,1055.2330600422101,938.3919582683368,996.8125091552735,TRNDu,3544957.32,1012.9500061035156
2021-08-05,1038.800048828125,1038.800048828125,1015.8499755859375,1031.25,816327,0.0,0,1010.4930571259043,959.5984306091045,1061.3876836427041,1059.1176586858594,938.9173571832813,999.0175079345703,TRNDu,3522583.62,1021.7900085449219
2021-08-06,1031.0,1031.300048828125,1009.4500122070312,1018.9000244140625,967564,0.0,0,1011.2937206771575,961.1185494878189,1061.468891866496,1061.0455289844701,940.4394868846704,1000.7425079345703,TRNDu,3097453.88,1027.990008544922
2021-08-09,1022.0,1035.25,1017.0,1027.1500244140625,811299,0.0,0,1012.8038448425771,963.9961907721723,1061.6114989129817,1063.4622094380325,943.2878088725143,1003.3750091552735,TRNDu,3087123.54,1028.9800109863281
2021-08-10,1030.0,1032.0,1020.0,1027.199951171875,985261,0.0,0,1014.1749025882245,967.8480139248603,1060.5017912515887,1065.6459775844426,945.8940370639949,1005.7700073242188,TRNDu,3091278.64,1030.0600036621095
2021-08-11,1027.949951171875,1035.0,995.0,1032.5999755859375,854619,0.0,0,1015.9296714451497,966.2354716481219,1065.6238712421775,1068.3930804209767,947.5369305653514,1007.9650054931641,TRNDu,3091016.0,1031.5950012207031
2021-08-12,1032.0,1038.9000244140625,1019.0,1030.8499755859375,645518,0.0,0,1017.3506527918913,968.6458680917538,1066.055437492029,1070.5644617285539,949.7555455956649,1010.1600036621094,TRNDu,3090547.22,1032.9349975585938
2021-08-13,1026.0,1036.5999755859375,1023.3499755859375,1029.9000244140625,670648,0.0,0,1018.5458310416219,972.0615248114981,1065.0301372717456,1071.8853274424594,953.5796811024625,1012.7325042724609,TRNDu,3093026.06,1032.25
2021-08-16,1026.0,1033.5999755859375,1018.9500122070312,1026.0,250890,0.0,0,1019.2557518948007,974.4898836119081,1064.0216201776934,1072.9957271348526,956.0692814100693,1014.532504272461,TRNDu,3085448.42,1030.7900024414062
2021-08-17,1018.0,1025.800048828125,1002.0,1016.2000122070312,1560201,0.0,0,1018.964729067394,973.8754476127907,1064.0540105219975,1071.9251293598252,961.4948779643935,1016.7100036621093,TRNDu,3104943.7,1027.5100036621093
2021-08-18,1007.0,1017.5,1005.0,1010.75,888608,0.0,0,1018.1823739181184,975.1020206089754,1061.2627272272614,1068.9400870101217,969.0899178726909,1019.0150024414063,TRNDd,3105801.72,1025.0799987792968
2021-08-20,1003.0,1013.0,995.0,1001.5499877929688,1407510,0.0,0,1016.5983371442946,974.226019166066,1058.9706551225233,1058.8124533096764,985.0875527938391,1021.9500030517578,SQZE,3065444.32,1022.1099975585937
2021-08-23,1005.0,1025.0,998.0,1020.3499755859375,960750,0.0,0,1016.9556360434987,973.4205498630928,1060.4907222239044,1046.8663123600372,1003.378688860666,1025.1225006103516,SQZE,3038856.88,1022.2549926757813
2021-08-24,1025.0,1030.6500244140625,1005.25,1027.9000244140625,1057683,0.0,0,1017.9979587454571,973.7363763002794,1062.259541190635,1047.1214126565656,1004.1885910055439,1025.6550018310547,SQZE,3045673.12,1022.3299926757812
2021-08-25,1030.0,1071.0,1027.0,1065.199951171875,2697253,0.0,0,1022.4933865955921,973.8579623949321,1071.128810796252,1055.1619918603353,1001.0280044775552,1028.0949981689453,SQZE,3086680.68,1026.1299926757813
2021-08-26,1067.0,1100.0,1053.449951171875,1088.050048828125,1971766,0.0,0,1028.7368782367857,975.6549866905667,1081.8187697830047,1068.7550019735143,994.5149992471889,1031.6350006103517,SQZE,3111751.92,1031.675
2021-08-27,1104.199951171875,1110.0,1083.0,1091.0,1552855,0.0,0,1034.6666993570918,981.4929969654947,1087.840401748689,1079.9039380286608,990.7210619713392,1035.3125,SQZE,3133058.1,1037.6900024414062
2021-08-30,1091.0999755859375,1106.0,1088.75,1094.8499755859375,782375,0.0,0,1040.3984399503152,989.0921077978777,1091.7047721027525,1089.8234014689338,986.6115960896599,1038.2174987792969,TRNDu,3135809.26,1044.1849975585938
2021-08-31,1090.0,1160.949951171875,1080.3499755859375,1140.550048828125,3348741,0.0,0,1049.9366884148685,987.6409943604873,1112.2323824692496,1111.4537300215238,974.9762748612889,1043.2150024414063,TRNDu,2150609.96,1055.6400024414063
2021-09-01,1149.0,1165.0,1097.0,1126.0999755859375,2326534,0.0,0,1057.1903348121132,987.5242101631701,1126.8564594610561,1124.2993375812036,969.8406648602024,1047.070001220703,TRNDu,2172505.74,1066.6299987792968
2021-09-02,1131.800048828125,1145.0,1118.0,1122.25,1487340,0.0,0,1063.3864934014357,995.2869812173869,1131.4860055854845,1135.0352777515404,967.8247198070535,1051.429998779297,TRNDu,2087609.68,1077.7799987792969
2021-09-03,1130.0,1135.0,1100.0999755859375,1108.3499755859375,1347872,0.0,0,1067.6687297999597,999.3991639515033,1135.938295648416,1141.8698050681123,968.7001900490751,1055.2849975585937,TRNDu,1915878.72,1088.4599975585938
2021-09-06,1114.0,1118.9000244140625,1088.0,1092.3499755859375,720194,0.0,0,1070.0193246367194,1002.3967104902961,1137.6419387831427,1145.288076044671,972.6269141897043,1058.9574951171876,TRNDu,1767744.38,1095.6599975585937
2021-09-07,1093.0,1095.9000244140625,1063.9000244140625,1081.4000244140625,881067,0.0,0,1071.1032008059901,1003.8428480742092,1138.3635535377712,1147.2382658956656,976.1017243387093,1061.6699951171875,TRNDu,1714493.12,1101.0099975585938
2021-09-08,1085.1500244140625,1123.300048828125,1082.0,1108.4000244140625,1637527,0.0,0,1074.6552792448542,1005.7409569034389,1143.5696015862695,1152.0729011324877,979.3870964261062,1065.729998779297,TRNDu,1703249.46,1105.3300048828125
2021-09-09,1138.0,1138.0,1100.0,1105.199951171875,1705768,0.0,0,1077.5642956188562,1007.9414055115825,1147.18718572613,1155.9304599764291,982.7895351407584,1069.3599975585937,TRNDu,1670768.62,1107.0449951171875
2021-09-13,1105.199951171875,1105.550048828125,1084.0,1085.949951171875,659910,0.0,0,1078.3629294810485,1011.3923186188771,1145.33354034322,1157.100441232022,987.1295514437595,1072.1149963378907,TRNDu,1629301.9,1106.539990234375
2021-09-14,1090.0,1090.0,1057.75,1061.300048828125,1128681,0.0,0,1076.737893228389,1010.0143434524348,1143.4614430043434,1156.628581249819,990.7414138673686,1073.6849975585938,TRNDu,1615741.6,1103.1849975585938
2021-09-15,1065.0,1075.949951171875,1056.0,1063.800048828125,1181994,0.0,0,1075.505717571221,1011.4645325384872,1139.546902603955,1155.763030793114,995.3869692068861,1075.575,TRNDd,1599723.74,1095.5099975585938
2021-09-16,1075.0,1084.8499755859375,1067.9000244140625,1077.4000244140625,872300,0.0,0,1075.6861277467299,1013.839075865707,1137.5331796277528,1154.0555162229841,1003.2144849977191,1078.6350006103517,TRNDd,1583217.74,1090.6400024414063
2021-09-17,1085.0,1094.0,1065.050048828125,1078.050048828125,1479348,0.0,0,1075.911263087815,1014.4589261605195,1137.3636000151107,1150.7121197539577,1013.2878863495581,1082.0000030517579,TRND,1567366.6,1086.2200073242188
2021-09-20,1075.0,1077.0,1053.949951171875,1072.300048828125,1113168,0.0,0,1075.5673379202256,1015.4402151544094,1135.6944606860416,1143.809936134296,1027.2650760727352,1085.5375061035156,TRND,1562344.3,1082.6150146484374
2021-09-21,1030.9000244140625,1079.9000244140625,1012.0,1069.9000244140625,39774519,0.0,0,1075.0275937767815,1007.3331784047346,1142.7220091488284,1138.711629418754,1037.3183876710896,1088.0150085449218,SQZE,2329698.24,1080.37001953125
2021-09-22,1064.0,1074.800048828125,1054.1500244140625,1062.550048828125,782140,0.0,0,1073.8392561626238,1008.784277444969,1138.8942348802786,1134.0766389852597,1045.4183805459902,1089.747509765625,SQZE,2323568.34,1078.4850219726563
2021-09-23,1062.0,1079.9000244140625,1042.0,1049.0,2898242,0.0,0,1071.4736127185643,1005.3441269898624,1137.6030984472661,1135.5637140363522,1042.3113103777102,1088.9375122070312,SQZE,2358122.6,1072.54501953125
2021-09-24,1049.949951171875,1052.699951171875,1007.3499755859375,1011.2000122070312,6572048,0.0,0,1065.733269812704,997.146737539685,1134.3198020857233,1142.7440318658694,1027.4459888860836,1085.0950103759765,TRNDd,2469611.2,1063.1450256347657
2021-09-27,1020.0,1047.0,1014.0499877929688,1040.550048828125,2762642,0.0,0,1063.3348678141729,994.446991209862,1132.222744418484,1143.3000571640598,1021.8449684707059,1082.5725128173829,TRNDd,2512759.28,1058.6050354003905
2021-09-28,1040.550048828125,1042.0,1010.0499877929688,1015.0499877929688,3334438,0.0,0,1058.7363078121534,990.3472164268674,1127.1253991974395,1145.7082560350818,1011.4567708203867,1078.5825134277343,TRNDd,2545863.16,1053.980029296875
2021-09-29,1010.0,1027.0,1010.0,1020.0999755859375,3168484,0.0,0,1055.0566571239424,990.1064748771848,1120.0068393707,1137.957482781874,1007.1625367493758,1072.560009765625,TRNDd,2595129.58,1049.6100219726563
2021-09-30,1028.0,1038.949951171875,1020.0999755859375,1029.5999755859375,2817641,0.0,0,1052.6322112631801,990.4070521239108,1114.8573704024493,1130.8184013694927,1004.6516181617571,1067.735009765625,TRNDd,2632335.46,1044.8300170898438
2021-10-01,1025.5,1048.0,1023.75,1046.5999755859375,2026286,0.0,0,1052.0577126272524,991.20506940191,1112.9103558525946,1122.4097248335283,1005.4952922563153,1063.9525085449218,TRNDd,2643424.62,1041.685009765625
2021-10-04,1050.0,1084.0,1050.0,1071.949951171875,1780368,0.0,0,1053.952211536264,991.7048277506434,1116.1995953218845,1117.1103330380656,1007.1546816103719,1062.1325073242188,TRNDd,2527883.16,1041.65
2021-10-05,1072.0,1098.9000244140625,1065.0,1096.699951171875,1515466,0.0,0,1058.0234248348936,995.2207745450226,1120.8260751247647,1117.8363526632659,1006.8636595437653,1062.3500061035156,SQZE,2513080.62,1044.3299926757813
2021-10-06,1104.0,1113.75,1084.0,1098.1500244140625,1602487,0.0,0,1061.8450057471955,999.3726204863116,1124.3173910080795,1120.2810841331802,1006.0939280738512,1063.1875061035157,SQZE,2368679.58,1047.889990234375
2021-10-07,1126.4000244140625,1142.9000244140625,1118.5,1139.3499755859375,2243226,0.0,0,1069.2264314461233,1004.0512847113278,1134.401578180919,1127.991684310005,1001.4783230142139,1064.7350036621094,TRNDu,2379478.96,1056.9249877929688
2021-10-08,1143.0,1150.9000244140625,1123.050048828125,1139.8499755859375,1720415,0.0,0,1075.9524832689626,1011.7248560904591,1140.1801104474662,1135.6800096106492,997.2550001549761,1066.4675048828126,TRNDu,2369862.86,1069.7899841308595
2021-10-11,1149.0,1160.0999755859375,1127.5,1131.0,867596,0.0,0,1081.1951039100138,1016.8702443321731,1145.5199634878545,1143.0641475387333,994.3758671097045,1068.7200073242188,TRNDu,2365116.14,1078.834979248047
